"year","biomass","lwr95","upr95","log_est","se","timeseries","metric","metric2","max","index","index_upr95","index_lwr95"
2003,27910.2018667055,12609.964082643,61774.9077741211,10.2367475592776,0.405367131698831,"Arrowtooth flounder","Biomass index","Total biomass (kg)",1528839.65783985,0.0182558070910724,0.0404064006695149,0.00824806186703716
2004,9282.20157763987,2795.40846969098,30821.7089066288,9.13585403661335,0.612317638572062,"Arrowtooth flounder","Biomass index","Total biomass (kg)",1528839.65783985,0.0060714029296931,0.0201601971459701,0.00182845104478825
2005,11335.1435055164,4198.56603236663,30602.2287848185,9.33566322325112,0.506726095977312,"Arrowtooth flounder","Biomass index","Total biomass (kg)",1528839.65783985,0.00741421341825487,0.020016637211032,0.00274624353890645
2006,16393.8606313948,6631.32996047584,40528.6221622897,9.70466219198097,0.461794981285627,"Arrowtooth flounder","Biomass index","Total biomass (kg)",1528839.65783985,0.0107230738994292,0.0265094000894469,0.00433749211467046
2007,95467.8321883906,53253.4806683365,171145.751758716,11.4665446340033,0.29782495622804,"Arrowtooth flounder","Biomass index","Total biomass (kg)",1528839.65783985,0.0624446335486093,0.111944866736734,0.0348326133451955
2008,373609.393707932,242991.034008629,574440.862134246,12.8309661287786,0.219486841397949,"Arrowtooth flounder","Biomass index","Total biomass (kg)",1528839.65783985,0.244374478246998,0.375736500023746,0.1589382070007
2009,202830.391992316,131279.744767191,313377.87858069,12.220125401366,0.2219630683125,"Arrowtooth flounder","Biomass index","Total biomass (kg)",1528839.65783985,0.132669499350182,0.204977596554156,0.0858688771539853
2010,485337.410627503,346653.759979779,679503.381611525,13.0925996200536,0.171695945323071,"Arrowtooth flounder","Biomass index","Total biomass (kg)",1528839.65783985,0.317454749514578,0.444456930540132,0.226743045421505
2011,36785.629177997,19877.8373705271,68074.9363624171,10.5128625364201,0.314037324747125,"Arrowtooth flounder","Biomass index","Total biomass (kg)",1528839.65783985,0.0240611427034622,0.0445271915948351,0.0130019111347577
2012,112879.705808804,68091.7801933351,187127.255996303,11.6340779802937,0.257895655958509,"Arrowtooth flounder","Biomass index","Total biomass (kg)",1528839.65783985,0.0738335804084881,0.122398222100479,0.0445382089901725
2013,409535.122522251,261118.002969728,642311.195213755,12.9227779478824,0.229621691339425,"Arrowtooth flounder","Biomass index","Total biomass (kg)",1528839.65783985,0.267873168008277,0.420129862487541,0.170794891165154
2014,1109668.20066948,805423.583344824,1528839.65783985,13.9195716102878,0.163496882755964,"Arrowtooth flounder","Biomass index","Total biomass (kg)",1528839.65783985,0.7258237938682,1,0.526820179745229
2015,816166.76239096,603078.084907229,1104547.15683163,13.6123739787416,0.154376314953101,"Arrowtooth flounder","Biomass index","Total biomass (kg)",1528839.65783985,0.533847194639201,0.72247416605629,0.394467844822484
2016,23407.3442068627,11227.4640545326,48800.3132459247,10.0608051070978,0.37484714489239,"Arrowtooth flounder","Biomass index","Total biomass (kg)",1528839.65783985,0.015310529189134,0.0319198373718774,0.00734378127683859
2017,38104.4398721545,17235.9908214017,84239.3311191468,10.548086086403,0.404768213319203,"Arrowtooth flounder","Biomass index","Total biomass (kg)",1528839.65783985,0.024923764684384,0.055100173969958,0.0112739035339749
2018,11980.2146033201,4928.36742356433,29122.329892726,9.39101178497478,0.453196452176675,"Arrowtooth flounder","Biomass index","Total biomass (kg)",1528839.65783985,0.00783614850771686,0.019048648917097,0.00322359993626002
2019,3179.79933979526,452.221986114593,22358.7621827838,8.06457337308997,0.995120425415732,"Arrowtooth flounder","Biomass index","Total biomass (kg)",1528839.65783985,0.00207987758787479,0.0146246613031842,0.000295794254025012
2021,351138.638885941,222772.814569908,553471.23012615,12.7689364070439,0.232161737783608,"Arrowtooth flounder","Biomass index","Total biomass (kg)",1528839.65783985,0.229676563585534,0.362020456028835,0.145713655076603
2022,204059.042842168,130503.799718468,319071.881857009,12.2261646566477,0.228069004449079,"Arrowtooth flounder","Biomass index","Total biomass (kg)",1528839.65783985,0.133473148603752,0.208701991880454,0.0853613386134039
2023,38877.7824442379,17718.5095073535,85305.2547763233,10.5681782210485,0.400932425394602,"Arrowtooth flounder","Biomass index","Total biomass (kg)",1528839.65783985,0.0254296009688613,0.0557973848590859,0.0115895145815282
2024,12743.2882469821,4829.08442082659,33627.7814165602,9.45275999998173,0.495084521890962,"Arrowtooth flounder","Biomass index","Total biomass (kg)",1528839.65783985,0.00833526798028482,0.0219956234416852,0.00315865983464202
2003,8201.60066168442,3672.14189749454,18317.9885994159,9.01208461684723,0.409984177813099,"Darkblotched RF","Biomass index","Total biomass (kg)",175879.057412567,0.0466320480808899,0.104151050550872,0.0208787899566726
2004,24251.1636691525,14587.7749252746,40315.8769805978,10.0962198815711,0.259331682892688,"Darkblotched RF","Biomass index","Total biomass (kg)",175879.057412567,0.137885453935914,0.229225000257007,0.0829420804266391
2005,56785.9814324206,37837.2538260454,85224.1471346822,10.9470447684804,0.207144276353089,"Darkblotched RF","Biomass index","Total biomass (kg)",175879.057412567,0.322869489226425,0.484561086399095,0.215132229969194
2006,40410.9528007508,26274.8647697299,62152.3695964315,10.6068561361353,0.219640815100049,"Darkblotched RF","Biomass index","Total biomass (kg)",175879.057412567,0.229765575249571,0.353381297982727,0.149391662408651
2007,19405.692453072,11904.3873109291,31633.7909501222,9.87332172742669,0.249320619428331,"Darkblotched RF","Biomass index","Total biomass (kg)",175879.057412567,0.110335435830494,0.179861044376179,0.067685075676773
2008,28845.3533927805,18166.4037851474,45801.8230903062,10.2697041980557,0.235909935267533,"Darkblotched RF","Biomass index","Total biomass (kg)",175879.057412567,0.164006754511521,0.260416582645578,0.103289180942866
2009,100383.928325075,67907.2696651556,148392.552309381,11.5167573969827,0.199421534253649,"Darkblotched RF","Biomass index","Total biomass (kg)",175879.057412567,0.57075543729803,0.843719283537495,0.386102078690714
2010,12690.5310772912,7544.33593185127,21347.0848168042,9.44861140989509,0.265341129226157,"Darkblotched RF","Biomass index","Total biomass (kg)",175879.057412567,0.0721548731496922,0.121373659438767,0.0428950214018614
2011,17264.8250671419,10156.9169075947,29346.9157334676,9.75642647754814,0.270676533155043,"Darkblotched RF","Biomass index","Total biomass (kg)",175879.057412567,0.0981630520491309,0.166858500183039,0.0577494390578248
2012,11925.0281499124,6608.84277323979,21517.5789855402,9.38639467633342,0.30114371263828,"Darkblotched RF","Biomass index","Total biomass (kg)",175879.057412567,0.0678024338164342,0.122343042441179,0.037576064316385
2013,12510.1727261039,6653.66626003432,23521.531666986,9.43429741040832,0.322135567979703,"Darkblotched RF","Biomass index","Total biomass (kg)",175879.057412567,0.0711294051159158,0.13373696682835,0.0378309183476378
2014,128776.050397028,94287.9237575039,175879.057412567,11.7658301312402,0.159044622878057,"Darkblotched RF","Biomass index","Total biomass (kg)",175879.057412567,0.732185243038644,1,0.536095230123554
2015,13035.4620582117,7794.80521870997,21799.5532028442,9.47542877324313,0.262359912782948,"Darkblotched RF","Biomass index","Total biomass (kg)",175879.057412567,0.0741160559419753,0.123946270372078,0.0443191209538118
2016,8268.94966502633,4528.87246560567,15097.6935389579,9.02026277451369,0.307166098768597,"Darkblotched RF","Biomass index","Total biomass (kg)",175879.057412567,0.0470149760106429,0.0858413375706387,0.0257499245915453
2017,18274.396861613,11475.5342387666,29101.3536892747,9.81325628060484,0.237393999927888,"Darkblotched RF","Biomass index","Total biomass (kg)",175879.057412567,0.103903199905978,0.165462301864687,0.0652467349301739
2018,4864.08040316988,2339.18817742299,10114.3116218063,8.48963295376634,0.373513872759602,"Darkblotched RF","Biomass index","Total biomass (kg)",175879.057412567,0.0276558248305823,0.0575071971080714,0.0132999813157735
2019,15690.6972209573,7250.44841181749,33956.2417792643,9.66082328202195,0.393887179697926,"Darkblotched RF","Biomass index","Total biomass (kg)",175879.057412567,0.0892129935865585,0.193065861727992,0.0412240577046635
2021,121921.496604207,86248.6523874581,172348.795288207,11.7111326461421,0.176606783897121,"Darkblotched RF","Biomass index","Total biomass (kg)",175879.057412567,0.693212133370777,0.979927899453777,0.490386141797093
2022,26272.0590672304,16383.0500953689,42130.1945372889,10.1762612605455,0.240952749994273,"Darkblotched RF","Biomass index","Total biomass (kg)",175879.057412567,0.149375709955068,0.239540711424569,0.0931495218156559
2023,16338.9301362982,9227.28064795579,28931.6699235734,9.70130589113565,0.291528942663378,"Darkblotched RF","Biomass index","Total biomass (kg)",175879.057412567,0.0928986678497559,0.164497526591282,0.0524637826908008
2024,23439.4379156508,14661.495556978,37472.7972099793,10.0621752636957,0.239389744400596,"Darkblotched RF","Biomass index","Total biomass (kg)",175879.057412567,0.133270204312432,0.213060029779883,0.0833612356847348
2003,39662.6075396428,21673.9866111387,72581.1298616966,10.588164147256,0.308320002448127,"Dover sole","Biomass index","Total biomass (kg)",99477.2919501948,0.398710165527029,0.729625107788778,0.217878735802239
2004,38947.725640919,21791.7499899093,69610.0741474508,10.5699756578333,0.296275302042872,"Dover sole","Biomass index","Total biomass (kg)",99477.2919501948,0.391523782738466,0.699758435144198,0.219062557521366
2005,37521.439790085,21476.3746817645,65553.8220385207,10.5326677763201,0.284678199598,"Dover sole","Biomass index","Total biomass (kg)",99477.2919501948,0.377185979377794,0.658982776404302,0.215892232897907
2006,24669.4008131175,13483.2871104157,45135.8286369293,10.1133189211505,0.308226436942279,"Dover sole","Biomass index","Total biomass (kg)",99477.2919501948,0.247990273252198,0.453729969443955,0.135541356686372
2007,14965.7800999271,7884.25308743415,28407.8366733741,9.61352154722266,0.326995181095701,"Dover sole","Biomass index","Total biomass (kg)",99477.2919501948,0.150444184864019,0.285571069702993,0.0792568126138933
2008,16625.6448783693,8635.8922074345,32007.3549996013,9.7187016544481,0.334199684192151,"Dover sole","Biomass index","Total biomass (kg)",99477.2919501948,0.167130051013987,0.321755391327162,0.0868126990404827
2009,20908.4805041211,11496.6544130096,38025.3716678233,9.94791012139967,0.305158041014792,"Dover sole","Biomass index","Total biomass (kg)",99477.2919501948,0.210183450858205,0.382251777489695,0.115570641174728
2010,35298.6243189625,20009.0436864977,62271.4857508185,10.4715992710278,0.28962758542959,"Dover sole","Biomass index","Total biomass (kg)",99477.2919501948,0.354841025795469,0.625986941642882,0.201141821356733
2011,56175.3154664849,33181.0435346368,95104.4853205107,10.9362327128185,0.268626721209794,"Dover sole","Biomass index","Total biomass (kg)",99477.2919501948,0.564704912701184,0.956042162548279,0.333553948686596
2012,46645.9941694654,27677.1418430353,78615.3709222448,10.7503423326949,0.266321314844439,"Dover sole","Biomass index","Total biomass (kg)",99477.2919501948,0.468910977118472,0.790284590392801,0.278225726700445
2013,31748.0431497868,17621.3373568351,57199.8721453316,10.3655863693439,0.300373158610979,"Dover sole","Biomass index","Total biomass (kg)",99477.2919501948,0.319148647167457,0.575004315296096,0.177139294922278
2014,32914.0974050303,19090.3327784728,56747.9792290184,10.4016563375309,0.277922958368745,"Dover sole","Biomass index","Total biomass (kg)",99477.2919501948,0.330870460582194,0.570461641209839,0.191906438185217
2015,31567.5312537207,17135.1116330673,58155.9694966661,10.3598843793724,0.311740131446019,"Dover sole","Biomass index","Total biomass (kg)",99477.2919501948,0.317334043125396,0.584615527388733,0.172251488728164
2016,26844.5437394929,14949.1889857948,48205.2591124718,10.1978178666047,0.298681783092332,"Dover sole","Biomass index","Total biomass (kg)",99477.2919501948,0.269855996411052,0.484585558849015,0.1502774019349
2017,46126.1387715692,21388.0035962307,99477.2919501948,10.7391350698526,0.392124351112437,"Dover sole","Biomass index","Total biomass (kg)",99477.2919501948,0.463685107096232,1,0.215003878542844
2018,29118.1091823334,15413.6343541615,55007.4215381513,10.2791155682771,0.324550771804566,"Dover sole","Biomass index","Total biomass (kg)",99477.2919501948,0.292711116391386,0.552964605889069,0.154946260116114
2019,17510.6832969704,8694.20431791657,35267.6355782119,9.77056644776068,0.357228265919792,"Dover sole","Biomass index","Total biomass (kg)",99477.2919501948,0.176026939954673,0.354529510070191,0.0873988841822261
2021,21197.1180159006,11377.47016762,39491.8910408366,9.96162050877287,0.31747018610756,"Dover sole","Biomass index","Total biomass (kg)",99477.2919501948,0.213084992568086,0.396994030161265,0.114372536129314
2022,24725.5790391878,13888.3962370315,44019.0680327101,10.1155935753952,0.294283268753605,"Dover sole","Biomass index","Total biomass (kg)",99477.2919501948,0.248555007423877,0.442503682697244,0.139613734599701
2023,20759.2977828587,11233.6845023143,38362.1637538974,9.94074951121923,0.313310564656114,"Dover sole","Biomass index","Total biomass (kg)",99477.2919501948,0.208683784770219,0.385637395246989,0.112927124191707
2024,22104.8364874679,12210.0373833382,40018.2063983251,10.0035517091494,0.302831115792257,"Dover sole","Biomass index","Total biomass (kg)",99477.2919501948,0.222209873772349,0.402284839221005,0.122741955917451
2003,12324.8655756492,5963.0009234018,25474.1385099709,9.41937409221037,0.370437902920149,"English sole","Biomass index","Total biomass (kg)",54347.9751812965,0.226776904466732,0.468722862719229,0.109718915994757
2004,20532.9576700967,10718.0423677364,39335.7607869789,9.92978656539864,0.331691177760347,"English sole","Biomass index","Total biomass (kg)",54347.9751812965,0.377805384682721,0.723776012919724,0.197211438549139
2005,20559.8733444934,11416.7218151884,37025.3737267432,9.93109655926284,0.30013927723414,"English sole","Biomass index","Total biomass (kg)",54347.9751812965,0.378300631732991,0.681265007633352,0.210067105114845
2006,14165.3869535472,7571.97018486597,26500.1291136592,9.55855672947337,0.319571257249206,"English sole","Biomass index","Total biomass (kg)",54347.9751812965,0.260642404915614,0.487601038037918,0.139323869189368
2007,16498.1723078781,8651.88203927038,31460.1711240379,9.7110048845338,0.329328873679014,"English sole","Biomass index","Total biomass (kg)",54347.9751812965,0.303565537682733,0.578865560659649,0.159194192799438
2008,18809.9211889858,10210.5237656488,34651.8105492478,9.84213973243972,0.311722831713226,"English sole","Biomass index","Total biomass (kg)",54347.9751812965,0.346101600404409,0.637591564978358,0.187873121888866
2009,33160.233362495,20232.6043056255,54347.9751812965,10.4091066466942,0.252074014565736,"English sole","Biomass index","Total biomass (kg)",54347.9751812965,0.610146620032808,1,0.37227889793746
2010,28681.1918468443,16543.4375112046,49724.2949174466,10.2639968505741,0.280746012553688,"English sole","Biomass index","Total biomass (kg)",54347.9751812965,0.527732482234494,0.914924516535786,0.304398415139078
2011,24243.4515164405,14011.8737416946,41946.2059296942,10.095901819339,0.279720163285415,"English sole","Biomass index","Total biomass (kg)",54347.9751812965,0.446078284159954,0.771808071777616,0.257817769566449
2012,25096.5849534128,14752.8477093297,42692.6779651876,10.1304870582302,0.271074190264936,"English sole","Biomass index","Total biomass (kg)",54347.9751812965,0.461775896336422,0.785543119550846,0.271451653168613
2013,12463.0848474338,5961.14891231997,26056.8031765345,9.43052634174943,0.376286419322889,"English sole","Biomass index","Total biomass (kg)",54347.9751812965,0.229320132090641,0.479443863172694,0.109684839084336
2014,12524.5161764638,6235.40622922001,25156.9023232873,9.43544329658132,0.355845460961732,"English sole","Biomass index","Total biomass (kg)",54347.9751812965,0.230450465443909,0.462885732897458,0.114731159871544
2015,11900.0452563468,5965.35488564757,23738.9191117218,9.38429748214674,0.352339971638003,"English sole","Biomass index","Total biomass (kg)",54347.9751812965,0.218960232035326,0.436794913380534,0.109762228781257
2016,11188.8887529604,5250.79355754216,23842.3450006523,9.32267648922191,0.385997904659869,"English sole","Biomass index","Total biomass (kg)",54347.9751812965,0.205874988270234,0.438697944516201,0.0966143364132025
2017,14003.7595639386,6898.66209734382,28426.5672325229,9.54708111282824,0.361230280537803,"English sole","Biomass index","Total biomass (kg)",54347.9751812965,0.25766846910532,0.523047402183729,0.126935034365695
2018,12504.1048107251,6068.60527659819,25764.1797400349,9.4338122542419,0.368847680623444,"English sole","Biomass index","Total biomass (kg)",54347.9751812965,0.230074897344627,0.474059606711925,0.111662030762954
2019,10615.5967750491,4651.79177775264,24225.2663649694,9.27007959253343,0.420962755505264,"English sole","Biomass index","Total biomass (kg)",54347.9751812965,0.195326444814864,0.445743678290822,0.0855927339010327
2021,9619.10272506366,4664.09742965575,19838.1656109951,9.17150626748676,0.369321403691063,"English sole","Biomass index","Total biomass (kg)",54347.9751812965,0.176991004595402,0.365021245866438,0.0858191572748945
2022,9988.00399754455,4588.78806762052,21739.9937379753,9.20914005163432,0.396828118850227,"English sole","Biomass index","Total biomass (kg)",54347.9751812965,0.183778769387932,0.400014787403836,0.0844334688148552
2023,9285.19827550849,4031.28670995645,21386.4488483473,9.13617682794852,0.425689424745172,"English sole","Biomass index","Total biomass (kg)",54347.9751812965,0.170847179578163,0.393509579280652,0.0741754719749668
2024,12923.9985910535,6294.14450329129,26537.3220291035,9.46684121792655,0.367081327690113,"English sole","Biomass index","Total biomass (kg)",54347.9751812965,0.237800921707589,0.488285385804698,0.115811941149509
2003,87557615.6762732,72507351.8148745,105731844.716762,18.2878075995067,0.096230890958944,"Pacific grenadier","Biomass index","Total biomass (kg)",112024150.505585,0.781595890538871,0.94383081004922,0.647247504110818
2004,77946959.993556,63827107.982995,95190409.9094656,18.1715391532663,0.10196646813529,"Pacific grenadier","Biomass index","Total biomass (kg)",112024150.505585,0.695804963856164,0.849731147077253,0.569762035194481
2005,78395881.6849521,64039777.5890002,95970262.49224,18.1772819544122,0.103199335764426,"Pacific grenadier","Biomass index","Total biomass (kg)",112024150.505585,0.6998123291374,0.856692615468263,0.57166046160562
2006,84472145.7872263,70065019.1997776,101841739.221575,18.2519324023315,0.0954089917937362,"Pacific grenadier","Biomass index","Total biomass (kg)",112024150.505585,0.754052991305789,0.909105213134356,0.625445664024781
2007,92577997.4837979,76507481.4620692,112024150.505585,18.3435620632168,0.0972788142108513,"Pacific grenadier","Biomass index","Total biomass (kg)",112024150.505585,0.826411064631839,1,0.68295524774593
2008,87220900.7591049,72238787.1965074,105310260.934135,18.2839545477631,0.096158332933078,"Pacific grenadier","Biomass index","Total biomass (kg)",112024150.505585,0.778590155475059,0.940067480617804,0.644850122678734
2009,81586381.545453,67322270.7173209,98872744.2309467,18.2171729131808,0.0980483609774585,"Pacific grenadier","Biomass index","Total biomass (kg)",112024150.505585,0.72829279380597,0.882602044154911,0.600962117663767
2010,84224348.2124062,69605341.3609616,101913742.438496,18.2489946085794,0.0972684927024874,"Pacific grenadier","Biomass index","Total biomass (kg)",112024150.505585,0.751840989931963,0.90974796040444,0.621342282416963
2011,85320518.2372314,70651020.9215461,103035890.172816,18.2619255255906,0.0962580994738758,"Pacific grenadier","Biomass index","Total biomass (kg)",112024150.505585,0.761626112335284,0.919764976639382,0.630676694290342
2012,85397849.7105918,70683027.3792576,103176009.936056,18.2628314794089,0.0964892437877273,"Pacific grenadier","Biomass index","Total biomass (kg)",112024150.505585,0.762316423067491,0.921015776244714,0.630962404626614
2013,86135379.1950496,71285127.2542679,104079263.583425,18.271430793187,0.0965489799624765,"Pacific grenadier","Biomass index","Total biomass (kg)",112024150.505585,0.768900088117654,0.929078802326969,0.636337137416757
2014,85070088.8723337,70509723.9817271,102637191.185463,18.2589860496481,0.0957797510764413,"Pacific grenadier","Biomass index","Total biomass (kg)",112024150.505585,0.759390617901561,0.916205931687435,0.629415386445727
2015,81231420.8732566,67230464.227522,98148120.988088,18.2128126868507,0.0965199610077052,"Pacific grenadier","Biomass index","Total biomass (kg)",112024150.505585,0.725124185335436,0.87613358856218,0.600142593575572
2016,84321745.4937846,69857641.8512479,101780658.131271,18.2501503433707,0.096012122381741,"Pacific grenadier","Biomass index","Total biomass (kg)",112024150.505585,0.752710421040691,0.908559963828484,0.623594479725737
2017,84233215.7119025,69816735.6617448,101626559.333046,18.249099887313,0.0957750162109045,"Pacific grenadier","Biomass index","Total biomass (kg)",112024150.505585,0.751920146966015,0.907184378318311,0.623229324629104
2018,78732068.7090487,65165025.7851784,95123704.2956289,18.18156111081,0.0964954681128272,"Pacific grenadier","Biomass index","Total biomass (kg)",112024150.505585,0.702813351886328,0.849135689637624,0.581705154567805
2019,84936041.4054063,69477868.9649161,103833511.837615,18.2574090771649,0.102496908659672,"Pacific grenadier","Biomass index","Total biomass (kg)",112024150.505585,0.758194023539342,0.926885063345679,0.620204381388746
2021,80111834.1963594,65941247.5840055,97327639.5798989,18.1989341439017,0.0993178599302531,"Pacific grenadier","Biomass index","Total biomass (kg)",112024150.505585,0.715130030754979,0.868809441005728,0.588634212233709
2022,80958544.4470738,66449693.3284433,98635307.2630854,18.2094477846742,0.10076310493024,"Pacific grenadier","Biomass index","Total biomass (kg)",112024150.505585,0.72268831391886,0.880482528257761,0.593172927699465
2023,81513148.2485235,67091822.0429117,99034325.4224938,18.2162748934018,0.0993396703093293,"Pacific grenadier","Biomass index","Total biomass (kg)",112024150.505585,0.727639066046385,0.884044422345844,0.598904983792462
2024,81476240.5872199,66986435.2705361,99100329.0952315,18.2158220091718,0.0999106680058405,"Pacific grenadier","Biomass index","Total biomass (kg)",112024150.505585,0.727309604397829,0.884633613805363,0.597964233321247
2003,21645.4829291519,6050.60220573714,77434.7602610449,9.98255207097631,0.65033796376915,"Hake","Biomass index","Total biomass (kg)",804212.278116242,0.0269151361128849,0.0962864685956117,0.0075236381865617
2004,126.620546809841,3.01917842012009,5310.30652828575,4.84119479361749,1.90626464314172,"Hake","Biomass index","Total biomass (kg)",804212.278116242,0.000157446672048371,0.00660311546190817,3.7542058263424e-06
2005,360945.313240764,173308.322137402,751732.62047499,12.796481738972,0.374320267434618,"Hake","Biomass index","Total biomass (kg)",804212.278116242,0.448818456348651,0.934744023351423,0.215500716481665
2006,52321.1524518234,17527.517178196,156183.158519015,10.8651560128729,0.557984068252046,"Hake","Biomass index","Total biomass (kg)",804212.278116242,0.0650588829287444,0.194206384021956,0.0217946401157314
2007,261500.209162718,128691.27100789,531367.503456806,12.4741903623442,0.361750930623907,"Hake","Biomass index","Total biomass (kg)",804212.278116242,0.325163164351639,0.660730404043895,0.160021519827242
2008,334287.364957887,138953.414927017,804212.278116242,12.7197562761746,0.447897140748308,"Hake","Biomass index","Total biomass (kg)",804212.278116242,0.415670556212981,1,0.172782011302409
2009,30670.5008508645,6339.85669731745,148375.533920334,10.3310565872933,0.80432352609491,"Hake","Biomass index","Total biomass (kg)",804212.278116242,0.0381373198164867,0.184497971440928,0.00788331249078627
2010,401249.888376217,223711.400959034,719683.80794061,12.9023396752362,0.2980807648861,"Hake","Biomass index","Total biomass (kg)",804212.278116242,0.498935292701686,0.894892838028252,0.27817456540585
2011,42351.1288657465,17814.2855426838,100684.257693382,10.6537503553506,0.441841987506639,"Hake","Biomass index","Total biomass (kg)",804212.278116242,0.0526616292963697,0.125196121015736,0.0221512230382895
2012,27252.5084175803,10609.9794443599,70000.0616349067,10.2129008478762,0.481310147071398,"Hake","Biomass index","Total biomass (kg)",804212.278116242,0.0338872075932683,0.0870417718551529,0.0131930085290569
2013,41950.9418955058,10593.7485391399,166124.532729657,10.6442561644563,0.702174544862726,"Hake","Biomass index","Total biomass (kg)",804212.278116242,0.0521640156921879,0.206568013508549,0.0131728261646966
2014,148106.93738729,69223.8367414536,316880.224136821,11.9056898417469,0.388062894967508,"Hake","Biomass index","Total biomass (kg)",804212.278116242,0.184163984332856,0.394025598414227,0.0860765728466631
2015,71.7972189320718,2.11608933966511,2436.02221785005,4.27384574176741,1.79813304501916,"Hake","Biomass index","Total biomass (kg)",804212.278116242,8.92764521082009e-05,0.00302907862033156,2.631257190728e-06
2016,75.283792749776,2.20916057682256,2565.5217236146,4.32126487591257,1.80036586889454,"Hake","Biomass index","Total biomass (kg)",804212.278116242,9.36118420451352e-05,0.00319010514192097,2.74698688012725e-06
2017,70.0469584301032,2.06552491113561,2375.46221730679,4.24916585185609,1.79788072193448,"Hake","Biomass index","Total biomass (kg)",804212.278116242,8.71000858059251e-05,0.00295377511876713,2.5683827110596e-06
2018,31406.3162657892,10825.4878995485,91114.295313,10.3547643066288,0.543431252626797,"Hake","Biomass index","Total biomass (kg)",804212.278116242,0.039052271546207,0.113296324605268,0.0134609831186683
2019,42056.0599757921,14514.5009878024,121858.283806918,10.6467587685919,0.542793275889465,"Hake","Biomass index","Total biomass (kg)",804212.278116242,0.0522947250622718,0.151525022836451,0.0180480967311276
2021,39801.5442275003,16769.3007643747,94468.0368700353,10.5916609902058,0.441005976997732,"Hake","Biomass index","Total biomass (kg)",804212.278116242,0.0494913411676952,0.117466543897233,0.0208518338014616
2022,14083.9796029157,5094.58590927918,38935.1529226467,9.55279323202877,0.518815433158481,"Hake","Biomass index","Total biomass (kg)",804212.278116242,0.017512763714458,0.0484140244834946,0.0063348770566057
2023,63080.3029781176,25768.5273820798,154418.006307117,11.0521638441428,0.456770988575335,"Hake","Biomass index","Total biomass (kg)",804212.278116242,0.0784373786556388,0.192011500581439,0.0320419472361689
2024,28699.2409222159,10775.0749148315,76439.9724383981,10.2646259526947,0.499823003290645,"Hake","Biomass index","Total biomass (kg)",804212.278116242,0.0356861511607855,0.0950494969032907,0.0133982969522309
2003,73139.6908877136,46351.8681699186,115408.819414575,11.2001264653848,0.232713250388878,"Lingcod","Biomass index","Total biomass (kg)",233709.237562262,0.312951647314448,0.493813683268849,0.19833134818888
2004,19671.3759322889,10662.8104465139,36290.9040736017,9.88691985973935,0.312456023406457,"Lingcod","Biomass index","Total biomass (kg)",233709.237562262,0.0841702969787332,0.15528228345674,0.0456242575506809
2005,10275.4958508978,5169.04984636248,20426.5422311838,9.23751729619497,0.350553955652739,"Lingcod","Biomass index","Total biomass (kg)",233709.237562262,0.043967007714705,0.0874015184176963,0.0221174391747584
2006,5067.67264107462,2002.62820651933,12823.8011995905,8.53063694603881,0.473693013360624,"Lingcod","Biomass index","Total biomass (kg)",233709.237562262,0.0216836642570645,0.0548707502251559,0.00856888768029896
2007,7879.36661458946,3711.99281199803,16725.3605789417,8.97200280076217,0.384026772541703,"Lingcod","Biomass index","Total biomass (kg)",233709.237562262,0.033714399553806,0.0715648245375236,0.0158829528978679
2008,155696.688781751,111680.480835056,217060.83924732,11.9556650909405,0.169527537293032,"Lingcod","Biomass index","Total biomass (kg)",233709.237562262,0.666198265869881,0.928764483216002,0.477860789757202
2009,110317.873619267,79094.6046595448,153866.793977431,11.6111212376192,0.169758882266436,"Lingcod","Biomass index","Total biomass (kg)",233709.237562262,0.472030437350075,0.658368473503062,0.338431657578248
2010,137310.115887434,98289.0070472244,191822.753036479,11.8299972662994,0.170579561514174,"Lingcod","Biomass index","Total biomass (kg)",233709.237562262,0.587525411146205,0.820775229243456,0.42056107012475
2011,124050.702965663,86730.7054109711,177429.398658258,11.7284456558968,0.182596415883463,"Lingcod","Biomass index","Total biomass (kg)",233709.237562262,0.530790756324362,0.759188641873813,0.371105166041481
2012,171737.691049951,126198.839356151,233709.237562262,12.0537235396849,0.157201616932351,"Lingcod","Biomass index","Total biomass (kg)",233709.237562262,0.734834843677066,1,0.539982247481898
2013,68445.0880529759,43002.8208739697,108940.064474128,11.1337870685066,0.23712990541072,"Lingcod","Biomass index","Total biomass (kg)",233709.237562262,0.29286428198946,0.466135038607986,0.184001374196916
2014,90407.9343181766,62772.8780747287,130209.014440112,11.4120873115352,0.186130425371826,"Lingcod","Biomass index","Total biomass (kg)",233709.237562262,0.386839370412525,0.557141068955066,0.268593910662198
2015,74018.4524319286,50151.876858082,109242.796952967,11.2120696982902,0.198604915082037,"Lingcod","Biomass index","Total biomass (kg)",233709.237562262,0.316711710687985,0.467430376704147,0.214590905268437
2016,39066.298254345,24892.8594845801,61309.7768154291,10.5730154370629,0.229942573934168,"Lingcod","Biomass index","Total biomass (kg)",233709.237562262,0.167157698436877,0.262333562228561,0.106512090596969
2017,25702.0577064663,15653.8617964322,42200.1790316743,10.1543263340776,0.25299108162468,"Lingcod","Biomass index","Total biomass (kg)",233709.237562262,0.109974504964183,0.180567013404559,0.0669800730159923
2018,13126.825733578,7033.14708496216,24500.206203302,9.48241318129653,0.318385254313035,"Lingcod","Biomass index","Total biomass (kg)",233709.237562262,0.0561673379730269,0.104831997480523,0.0300935776365642
2019,13543.7472139244,6501.39904343655,28214.402372343,9.51368025957533,0.374449528251054,"Lingcod","Biomass index","Total biomass (kg)",233709.237562262,0.0579512703699452,0.120724378148837,0.0278183229351579
2021,47501.1473690991,32918.7437338595,68543.2900970651,10.7685091448699,0.187101219656351,"Lingcod","Biomass index","Total biomass (kg)",233709.237562262,0.20324890819279,0.293284470960651,0.140853412886984
2022,13143.6572252317,7645.54742904972,22595.5991846953,9.48369458095585,0.276441742437998,"Lingcod","Biomass index","Total biomass (kg)",233709.237562262,0.0562393569134388,0.0966825249202041,0.032713929106088
2023,30799.5713551433,18644.5589223411,50878.8435066637,10.335256051824,0.256099816154319,"Lingcod","Biomass index","Total biomass (kg)",233709.237562262,0.131785853552058,0.217701465450672,0.0797767307651844
2024,35631.9288157652,21881.8856222552,58022.1637682112,10.4809973917337,0.248771386913695,"Lingcod","Biomass index","Total biomass (kg)",233709.237562262,0.152462646266913,0.248266454391875,0.0936286723216308
2003,114747.024024811,83871.365111914,156988.973590465,11.6504851931622,0.159924192110895,"Longspine thornyhead","Biomass index","Total biomass (kg)",534180.453542899,0.214809477328799,0.293887529109781,0.157009423605161
2004,317493.307543613,238397.389654224,422831.812383469,12.6682120184899,0.146185213643488,"Longspine thornyhead","Biomass index","Total biomass (kg)",534180.453542899,0.594355906207107,0.791552385676187,0.446286246666416
2005,321697.632047346,247778.937187943,417668.134504797,12.681367352452,0.133204032925246,"Longspine thornyhead","Biomass index","Total biomass (kg)",534180.453542899,0.602226513369627,0.781885843509725,0.463848752878496
2006,148774.178500432,103174.354384452,214527.692666752,11.9101848547397,0.186742848596179,"Longspine thornyhead","Biomass index","Total biomass (kg)",534180.453542899,0.278509214468073,0.401601539786636,0.193145132324027
2007,108163.694140314,63074.5380313383,185485.064104101,11.5914010450973,0.275172707246543,"Longspine thornyhead","Biomass index","Total biomass (kg)",534180.453542899,0.202485308893145,0.347232967574702,0.118077210824549
2008,53442.0633847794,22463.6226259173,127141.298016982,10.8863534187073,0.442202467963291,"Longspine thornyhead","Biomass index","Total biomass (kg)",534180.453542899,0.100044962391136,0.238011887506796,0.0420524983213623
2009,79855.8139671415,37409.0622226818,170465.407189177,11.2879779621027,0.386899814799355,"Longspine thornyhead","Biomass index","Total biomass (kg)",534180.453542899,0.149492205185543,0.319115770819733,0.0700307582850887
2010,61410.2134752338,26221.1035143517,143823.631107275,11.0253314435466,0.434197570509499,"Longspine thornyhead","Biomass index","Total biomass (kg)",534180.453542899,0.114961551041294,0.269241658232492,0.0490866023652547
2011,79027.9451432225,40332.8951305808,154846.709945819,11.2775568048895,0.343186986533655,"Longspine thornyhead","Biomass index","Total biomass (kg)",534180.453542899,0.147942412754112,0.28987715465591,0.0755042511628362
2012,189081.087437448,122675.409795372,291432.958619524,12.1499312360936,0.220735706399394,"Longspine thornyhead","Biomass index","Total biomass (kg)",534180.453542899,0.353964818786211,0.545570240705409,0.229651626115743
2013,141333.6530815,74871.8974386084,266791.709262353,11.8588787079125,0.324161471797926,"Longspine thornyhead","Biomass index","Total biomass (kg)",534180.453542899,0.264580353219813,0.499441167292595,0.140162181042058
2014,77944.7941201365,43981.1688268272,138136.186292636,11.2637560873954,0.291964164559807,"Longspine thornyhead","Biomass index","Total biomass (kg)",534180.453542899,0.145914725264048,0.258594610447577,0.0823339164417688
2015,184407.828303081,119309.660189566,285025.094241555,12.1249050420402,0.222160951292666,"Longspine thornyhead","Biomass index","Total biomass (kg)",534180.453542899,0.345216353537488,0.533574548359369,0.223350853439613
2016,268578.162304581,185636.669576054,388577.480040133,12.5008972578472,0.188447648933603,"Longspine thornyhead","Biomass index","Total biomass (kg)",534180.453542899,0.502785454846322,0.727427365533372,0.347516777045729
2017,151670.505140259,94336.7029060258,243849.333513562,11.9294657175618,0.242269814208883,"Longspine thornyhead","Biomass index","Total biomass (kg)",534180.453542899,0.283931214881262,0.45649243040672,0.176600813976526
2018,97813.2951254905,48914.4130276698,195595.533322545,11.4908157887621,0.353572013185927,"Longspine thornyhead","Biomass index","Total biomass (kg)",534180.453542899,0.183109086970056,0.366160034545025,0.0915690806416629
2019,123215.91364501,61434.0552708364,247129.402551126,11.7216934909364,0.355095241517415,"Longspine thornyhead","Biomass index","Total biomass (kg)",534180.453542899,0.23066346368122,0.462632806782923,0.115006183516041
2021,119666.378554709,73101.8300896475,195891.70529435,11.6924629711786,0.2514608912284,"Longspine thornyhead","Biomass index","Total biomass (kg)",534180.453542899,0.224018639695694,0.36671447634431,0.136848567941427
2022,315333.129791324,210408.949587544,472579.62619418,12.6613849138836,0.206420435309706,"Longspine thornyhead","Biomass index","Total biomass (kg)",534180.453542899,0.590311996067824,0.884681614723718,0.393891143324372
2023,363593.870337973,247482.852789801,534180.453542899,12.803792782887,0.196277181105349,"Longspine thornyhead","Biomass index","Total biomass (kg)",534180.453542899,0.680657384459638,1,0.463294475019435
2024,210978.932140726,141081.59247721,315506.148078328,12.2595135597988,0.205320042065341,"Longspine thornyhead","Biomass index","Total biomass (kg)",534180.453542899,0.39495816580601,0.590635890897476,0.264108489072373
2003,78730.8581261913,49340.2735931997,125628.570128982,11.2737904557278,0.23841995275781,"Petrale sole","Biomass index","Total biomass (kg)",445936.238601524,0.176551828066485,0.281718683646251,0.110644234135205
2004,117797.348886097,82929.5752239642,167325.292178551,11.676721044735,0.179071662629872,"Petrale sole","Biomass index","Total biomass (kg)",445936.238601524,0.264157381009255,0.375222459388568,0.185967338030287
2005,131334.523887434,97300.02439432,177273.924360352,11.7855029647036,0.153037733439531,"Petrale sole","Biomass index","Total biomass (kg)",445936.238601524,0.29451413121146,0.397531999005712,0.218192683105229
2006,122866.571127031,89606.4035909181,168472.270904126,11.7188542579615,0.161060200796345,"Petrale sole","Biomass index","Total biomass (kg)",445936.238601524,0.275524975302178,0.377794528277098,0.200939945746342
2007,134575.226333017,98700.8055431536,183488.791635692,11.8098786252633,0.158181599656443,"Petrale sole","Biomass index","Total biomass (kg)",445936.238601524,0.301781319129952,0.411468671420652,0.221333897089601
2008,188681.751382708,145678.363560147,244379.483917988,12.1478170196463,0.131972087477568,"Petrale sole","Biomass index","Total biomass (kg)",445936.238601524,0.423113743737047,0.548014408257945,0.32667980520489
2009,291598.10125868,235902.788021279,360442.762762081,12.5831317676369,0.108143152285162,"Petrale sole","Biomass index","Total biomass (kg)",445936.238601524,0.653900885411656,0.808283183919848,0.529005646101067
2010,367659.768760002,303123.392681808,445936.238601524,12.814913248086,0.0984803860895857,"Petrale sole","Biomass index","Total biomass (kg)",445936.238601524,0.824467125419095,1,0.679746040896825
2011,253706.599997896,202937.707414229,317176.338013462,12.443933760219,0.113920159286546,"Petrale sole","Biomass index","Total biomass (kg)",445936.238601524,0.568930214762387,0.71125939216813,0.455082341032993
2012,157532.465531533,119390.470626752,207859.786180312,11.9673868463648,0.141447588982344,"Petrale sole","Biomass index","Total biomass (kg)",445936.238601524,0.353262309485235,0.466119970048116,0.267729913588467
2013,142668.789768798,104365.808055558,195029.233743468,11.8682810673421,0.159504806244669,"Petrale sole","Biomass index","Total biomass (kg)",445936.238601524,0.319930917066112,0.437347801907933,0.234037512588916
2014,134285.31319099,100077.81265648,180185.246461165,11.8077220183108,0.150012312306999,"Petrale sole","Biomass index","Total biomass (kg)",445936.238601524,0.301131196720219,0.404060560375703,0.224421798439904
2015,111874.121607865,79122.4121696744,158182.981816729,11.6251296039965,0.176726793662335,"Petrale sole","Biomass index","Total biomass (kg)",445936.238601524,0.25087470343004,0.354721074727629,0.177429877459176
2016,75070.7046160302,49194.6985090017,114557.276746316,11.226185676643,0.215638928666208,"Petrale sole","Biomass index","Total biomass (kg)",445936.238601524,0.168344032437138,0.256891606534541,0.110317785931187
2017,75951.3100540879,50943.5771610198,113235.108730176,11.2378477567769,0.203765880818071,"Petrale sole","Biomass index","Total biomass (kg)",445936.238601524,0.170318766405427,0.253926680382125,0.114239599187501
2018,115438.005119341,83403.3985813124,159776.858648527,11.6564889126275,0.165842116130373,"Petrale sole","Biomass index","Total biomass (kg)",445936.238601524,0.258866616181183,0.358295300578384,0.187029874142701
2019,107507.849305807,69126.709993236,167199.302027985,11.5853191406825,0.225321826294389,"Petrale sole","Biomass index","Total biomass (kg)",445936.238601524,0.241083455435146,0.374939929870534,0.155014784647286
2021,100648.317299721,71957.0904947735,140779.507698427,11.5193877125946,0.171208481508617,"Petrale sole","Biomass index","Total biomass (kg)",445936.238601524,0.225701139731004,0.315694252927095,0.161361836661748
2022,96630.299120495,67690.5470349229,137942.668764355,11.4786476265127,0.181608340957846,"Petrale sole","Biomass index","Total biomass (kg)",445936.238601524,0.21669084222339,0.309332718051687,0.151794227908464
2023,73378.0334220342,49328.5558519167,109152.512087498,11.2033798976324,0.202616722662041,"Petrale sole","Biomass index","Total biomass (kg)",445936.238601524,0.164548262891016,0.244771567410187,0.110617957416094
2024,77058.3592893654,52489.5200858053,113127.16760721,11.2523183266138,0.195896209523281,"Petrale sole","Biomass index","Total biomass (kg)",445936.238601524,0.172801294487804,0.25368462532218,0.117706334543285
2003,78308.8826016319,37828.5755729647,162107.110866178,11.2684163187329,0.371229400603859,"Sablefish","Biomass index","Total biomass (kg)",891329.129286852,0.0878563036128825,0.181871214055216,0.0424406364944352
2004,166828.066504143,89706.985074815,310250.129912397,12.0247190191652,0.316544134244219,"Sablefish","Biomass index","Total biomass (kg)",891329.129286852,0.187167748727814,0.348075833851213,0.100644063037174
2005,27728.5037275961,12601.1485814195,61015.8601022302,10.2302161785386,0.402391543272774,"Sablefish","Biomass index","Total biomass (kg)",891329.129286852,0.0311091636259903,0.0684549153588739,0.0141374809454523
2006,22085.250162532,8959.98804471454,54437.3800843795,10.0026652512262,0.460284518832686,"Sablefish","Biomass index","Total biomass (kg)",891329.129286852,0.0247778844389415,0.0610743868854983,0.0100523900210502
2007,17863.1799383414,6965.43660304826,45810.9398870874,9.79049688664124,0.480509501465404,"Sablefish","Biomass index","Total biomass (kg)",891329.129286852,0.0200410593027894,0.0513962108741364,0.00781466281554298
2008,316553.590619039,183205.4578907,546960.646737879,12.6652478288839,0.279027732366236,"Sablefish","Biomass index","Total biomass (kg)",891329.129286852,0.355147812651778,0.61364610306801,0.205541872099795
2009,68600.6974377157,36699.083010619,128233.604299576,11.1360579803928,0.319164503880318,"Sablefish","Biomass index","Total biomass (kg)",891329.129286852,0.0769644962603239,0.143867848683656,0.0411734361693999
2010,205679.346845607,109984.730738237,384635.152851523,12.2340736663494,0.319381808858854,"Sablefish","Biomass index","Total biomass (kg)",891329.129286852,0.230755778182825,0.431529880729095,0.123394071981284
2011,106991.732377835,57401.1732429208,199425.031763126,11.5805068429619,0.31770319557025,"Sablefish","Biomass index","Total biomass (kg)",891329.129286852,0.120036167182642,0.223738936842202,0.0643995257833065
2012,85211.8582750962,44960.1660587327,161499.865930428,11.3528958847651,0.326211967041459,"Sablefish","Biomass index","Total biomass (kg)",891329.129286852,0.095600890260676,0.181189933801045,0.050441710678417
2013,258926.833653968,137901.769678382,486165.662285765,12.4643008052278,0.321436472018057,"Sablefish","Biomass index","Total biomass (kg)",891329.129286852,0.290495199973027,0.545438992524281,0.154714757037859
2014,101043.252582739,52321.9938773408,195132.832980982,11.5233039475468,0.335787727762727,"Sablefish","Biomass index","Total biomass (kg)",891329.129286852,0.113362448575627,0.21892343307248,0.0587010927368697
2015,42302.2084342951,19655.5966341876,91041.5934821357,10.6525945725201,0.39106697155242,"Sablefish","Biomass index","Total biomass (kg)",891329.129286852,0.047459694791015,0.102141386936358,0.0220520074889889
2016,209724.305735658,117194.147071477,375311.272067859,12.2535491173534,0.296924793888527,"Sablefish","Biomass index","Total biomass (kg)",891329.129286852,0.235293898566355,0.421069232156862,0.131482460542093
2017,102288.154666739,56127.7041400503,186411.804035662,11.5355491550766,0.306211928003592,"Sablefish","Biomass index","Total biomass (kg)",891329.129286852,0.11475912915421,0.209139136050461,0.0629707952941668
2018,42446.1719225703,20590.8390111883,87498.9848593069,10.6559920091707,0.369083548068126,"Sablefish","Biomass index","Total biomass (kg)",891329.129286852,0.0476212103115392,0.0981668633777451,0.0231012746410105
2019,158986.196971175,79866.465777194,316485.906586528,11.976572665932,0.351262232429227,"Sablefish","Biomass index","Total biomass (kg)",891329.129286852,0.178369798256654,0.355071876580256,0.089603787369874
2021,553389.191480436,343576.336938961,891329.129286852,13.2238168150283,0.24319437505719,"Sablefish","Biomass index","Total biomass (kg)",891329.129286852,0.620858416153413,1,0.385465172908525
2022,313595.78425825,165682.592016551,593558.530848687,12.655860124314,0.325531993793545,"Sablefish","Biomass index","Total biomass (kg)",891329.129286852,0.35182939046226,0.665925202426168,0.185882617960789
2023,398790.030338003,241803.550723711,657697.076080986,12.8961903176049,0.255264596670261,"Sablefish","Biomass index","Total biomass (kg)",891329.129286852,0.447410521248277,0.737883520767695,0.271284245940865
2024,290188.270825039,171234.700510272,491776.680039069,12.5782852010587,0.269134939811187,"Sablefish","Biomass index","Total biomass (kg)",891329.129286852,0.325568032380157,0.551734105708558,0.192111639667017
2003,150775.55576639,85547.2335266909,265739.373203354,11.923547624377,0.289150049466173,"Pacific sanddab","Biomass index","Total biomass (kg)",531906.841828745,0.283462335712791,0.499597584211772,0.160831233590776
2004,196539.790490193,123901.224779552,311763.57872698,12.1886201859252,0.235402403702161,"Pacific sanddab","Biomass index","Total biomass (kg)",531906.841828745,0.369500399382852,0.586124400383924,0.232937828649784
2005,290136.618527295,179810.345703741,468155.806502639,12.5781071894006,0.244111245790738,"Pacific sanddab","Biomass index","Total biomass (kg)",531906.841828745,0.545465099733966,0.880146239317163,0.338048567086553
2006,156433.784714163,96062.6961241125,254745.390118762,11.9603880985619,0.248796284268049,"Pacific sanddab","Biomass index","Total biomass (kg)",531906.841828745,0.294099967160282,0.478928583138588,0.180600602530022
2007,119165.048457915,71010.4451102084,199974.929771785,11.6882647729817,0.264128584827914,"Pacific sanddab","Biomass index","Total biomass (kg)",531906.841828745,0.224033682379821,0.375958558991745,0.133501657670106
2008,199632.40930718,128421.569345931,310330.258762346,12.2042330009572,0.225085441746257,"Pacific sanddab","Biomass index","Total biomass (kg)",531906.841828745,0.37531461077061,0.583429718060031,0.241436205077577
2009,201222.575625762,134679.356572408,300643.884645351,12.2121669158126,0.204858264320558,"Pacific sanddab","Biomass index","Total biomass (kg)",531906.841828745,0.378304168703565,0.565219059058743,0.253201023151663
2010,325281.521029091,198922.178852261,531906.841828745,12.6924463049121,0.250911416032549,"Pacific sanddab","Biomass index","Total biomass (kg)",531906.841828745,0.611538516614569,1,0.373979357303148
2011,188395.266273416,109677.225518348,323611.179864262,12.1462975148715,0.276025733825634,"Pacific sanddab","Biomass index","Total biomass (kg)",531906.841828745,0.354188462072974,0.608398227689001,0.206196305242601
2012,262421.819413319,165167.555173964,416941.518760531,12.477708485847,0.236225137793612,"Pacific sanddab","Biomass index","Total biomass (kg)",531906.841828745,0.493360488673333,0.783861920871421,0.31051970417621
2013,202259.665043356,124634.060178486,328232.6841063,12.2173076213852,0.247030262319159,"Pacific sanddab","Biomass index","Total biomass (kg)",531906.841828745,0.380253926322829,0.617086787185902,0.234315580055302
2014,131424.583018671,84040.0052658192,205526.177289004,11.7861884529124,0.228136965179942,"Pacific sanddab","Biomass index","Total biomass (kg)",531906.841828745,0.247081956244107,0.386395062305245,0.157997601566624
2015,150649.902127137,95196.5957236696,238405.510600345,11.9227138948877,0.234195341125369,"Pacific sanddab","Biomass index","Total biomass (kg)",531906.841828745,0.283226103295059,0.448209144632704,0.178972309129123
2016,90852.6200464125,56912.836056203,145032.283422786,11.4169939126645,0.238635878996244,"Pacific sanddab","Biomass index","Total biomass (kg)",531906.841828745,0.170805511232104,0.272664820260916,0.106997751449354
2017,61063.7382111695,36035.8038194965,103474.315239358,11.0196734863469,0.269089236723184,"Pacific sanddab","Biomass index","Total biomass (kg)",531906.841828745,0.114801565629851,0.194534657391516,0.0677483367117484
2018,132398.934621186,71816.4962007555,244087.066567873,11.7935748757849,0.312100324221744,"Pacific sanddab","Biomass index","Total biomass (kg)",531906.841828745,0.248913764985587,0.458890631541191,0.135017056659478
2019,113286.480284033,52946.9202741233,242390.427029556,11.6376751131885,0.388083624370824,"Pacific sanddab","Biomass index","Total biomass (kg)",531906.841828745,0.212981806916684,0.455700900925048,0.0995417169143508
2021,129141.376427825,64945.6732809257,256791.47298287,11.7686630245395,0.350698597644417,"Pacific sanddab","Biomass index","Total biomass (kg)",531906.841828745,0.24278946287629,0.482775277151911,0.122099714035707
2022,107968.702954121,53592.7404584915,217515.296248453,11.589596676648,0.357367677923661,"Pacific sanddab","Biomass index","Total biomass (kg)",531906.841828745,0.202984234199573,0.408934947143404,0.100755877240147
2023,121295.161257901,69801.7518037899,210775.743650912,11.7059822034349,0.281927536364181,"Pacific sanddab","Biomass index","Total biomass (kg)",531906.841828745,0.228038355063975,0.396264396461315,0.131229279856234
2024,67812.1683488982,38816.907045818,118466.166579203,11.1244969319975,0.284640818450709,"Pacific sanddab","Biomass index","Total biomass (kg)",531906.841828745,0.127488806340136,0.222719764558593,0.0729768899237353
2003,6977.43012399611,2864.14325589908,16997.9385755151,8.85043595088468,0.454299880794082,"Shortspine thornyhead","Biomass index","Total biomass (kg)",85293.824417295,0.0818046344112728,0.199286861524155,0.033579726029008
2004,15129.9243818029,6817.40974868357,33577.9453249495,9.62442980887189,0.406739582314524,"Shortspine thornyhead","Biomass index","Total biomass (kg)",85293.824417295,0.177385930167472,0.393673815828346,0.0799285270095264
2005,14998.4470813289,7393.3476014225,30426.462676818,9.61570194681356,0.360907674987916,"Shortspine thornyhead","Biomass index","Total biomass (kg)",85293.824417295,0.17584446686257,0.356725271550239,0.0866809250485824
2006,9334.12010676126,3986.97556894592,21852.6039753184,9.14143179408942,0.434009798708079,"Shortspine thornyhead","Biomass index","Total biomass (kg)",85293.824417295,0.109434887819013,0.256203823953371,0.0467440121976461
2007,8398.42775717844,4023.82822426887,17528.9761046798,9.03579979554811,0.375420557872295,"Shortspine thornyhead","Biomass index","Total biomass (kg)",85293.824417295,0.0984646639373283,0.20551284016672,0.0471760792971661
2008,12731.843425347,6359.26959395646,25490.3231593772,9.45186149059993,0.354186449370521,"Shortspine thornyhead","Biomass index","Total biomass (kg)",85293.824417295,0.149270401606771,0.298853092044124,0.0745572101778918
2009,38953.7828451327,22244.1005809295,68215.7137540847,10.5701311671256,0.285872118843686,"Shortspine thornyhead","Biomass index","Total biomass (kg)",85293.824417295,0.45670109308915,0.799773186630058,0.260793799936811
2010,48386.7994482677,27449.611702159,85293.824417295,10.7869823168326,0.289227261371771,"Shortspine thornyhead","Biomass index","Total biomass (kg)",85293.824417295,0.567295461058683,1,0.321824140137783
2011,12083.7254209089,6247.71745450295,23371.162526353,9.39961481971521,0.33655891443511,"Shortspine thornyhead","Biomass index","Total biomass (kg)",85293.824417295,0.141671750604006,0.274007675069311,0.0732493530121989
2012,16744.863059919,9088.18680796137,30852.1870005812,9.72584680722646,0.311799663587542,"Shortspine thornyhead","Biomass index","Total biomass (kg)",85293.824417295,0.196319759071838,0.361716539401947,0.106551521989423
2013,15402.5119110528,8061.52556705653,29428.3471778091,9.64228588620788,0.330326372022541,"Shortspine thornyhead","Biomass index","Total biomass (kg)",85293.824417295,0.180581794945633,0.345023187538557,0.0945147626118392
2014,5052.74044467415,2305.97239424079,11071.3320181144,8.52768603739317,0.400225878688532,"Shortspine thornyhead","Biomass index","Total biomass (kg)",85293.824417295,0.0592392295596211,0.129802269903488,0.02703563136012
2015,8571.32133790763,3826.93091731922,19197.5112864423,9.05617718149322,0.411415084146365,"Shortspine thornyhead","Biomass index","Total biomass (kg)",85293.824417295,0.100491699093863,0.225075044032726,0.0448676201760656
2016,3107.63742124085,1260.35221332833,7662.46945875017,8.04161804484983,0.460453129086957,"Shortspine thornyhead","Biomass index","Total biomass (kg)",85293.824417295,0.0364344950231909,0.0898361576714158,0.0147765939906989
2017,5530.21112764396,2404.72275768614,12717.9879753559,8.61798127238506,0.424901365804927,"Shortspine thornyhead","Biomass index","Total biomass (kg)",85293.824417295,0.0648371809497922,0.149107957841518,0.0281933982221406
2018,3212.58668593678,1367.4070225431,7547.6526334228,8.07483171278861,0.435804013935548,"Shortspine thornyhead","Biomass index","Total biomass (kg)",85293.824417295,0.037664938908348,0.0884900247466494,0.0160317236550813
2019,3550.14213434055,1171.43888077097,10758.9985110663,8.17474291951038,0.565701637091111,"Shortspine thornyhead","Biomass index","Total biomass (kg)",85293.824417295,0.0416224991503686,0.126140416197409,0.0137341582321338
2021,2356.99251220219,877.753105309471,6329.13021779455,7.76514172609705,0.503976798063604,"Shortspine thornyhead","Biomass index","Total biomass (kg)",85293.824417295,0.0276338003167819,0.0742038507598118,0.0102909338548957
2022,5022.73424769321,2291.7008789854,11008.3560879548,8.52172973526167,0.400354383388719,"Shortspine thornyhead","Biomass index","Total biomass (kg)",85293.824417295,0.0588874315579963,0.129063928873644,0.026868309571551
2023,4441.03177230905,1721.80745396363,11454.6856893065,8.39864200958064,0.483433447589217,"Shortspine thornyhead","Biomass index","Total biomass (kg)",85293.824417295,0.0520674480555774,0.134296776672425,0.0201867774803928
2024,3034.15261648012,1129.80519606158,8148.38003240281,8.01768746071328,0.504033219246087,"Shortspine thornyhead","Biomass index","Total biomass (kg)",85293.824417295,0.0355729460744509,0.0955330598442549,0.01324603749193
2003,146202.048074972,94003.9737077472,227384.418107368,11.8927448349204,0.225337049332956,"Splitnose RF","Biomass index","Total biomass (kg)",348372.770142179,0.419671284915017,0.652704337410088,0.269837317277645
2004,171996.916975051,107964.157397331,274007.042356207,12.0552318310713,0.237594802594222,"Splitnose RF","Biomass index","Total biomass (kg)",348372.770142179,0.493715157200303,0.78653404008694,0.309909862798026
2005,200678.373273448,133343.197338757,302016.228074741,12.2094587724932,0.20856365779744,"Splitnose RF","Biomass index","Total biomass (kg)",348372.770142179,0.576044945164763,0.866934083141691,0.382760102875826
2006,173842.543493478,114544.352043045,263838.673747309,12.0659052460559,0.212854862785583,"Splitnose RF","Biomass index","Total biomass (kg)",348372.770142179,0.499013006735655,0.757345855818841,0.328798235281985
2007,192786.736546936,128598.71113901,289013.205958511,12.1693398649485,0.206579202298591,"Splitnose RF","Biomass index","Total biomass (kg)",348372.770142179,0.553392093383921,0.829609058826722,0.369141110215147
2008,208930.74417624,133779.916820209,326297.525814003,12.2497581084548,0.227456624236241,"Splitnose RF","Biomass index","Total biomass (kg)",348372.770142179,0.599733280218688,0.936633266948027,0.384013701086943
2009,175753.750504758,112525.435462432,274510.209087808,12.0768391494438,0.227506517920861,"Splitnose RF","Biomass index","Total biomass (kg)",348372.770142179,0.504499104315842,0.787978374359667,0.323002958631089
2010,176925.234934221,117749.363926471,265840.406374308,12.0834825208177,0.207743057558048,"Splitnose RF","Biomass index","Total biomass (kg)",348372.770142179,0.507861836796296,0.763091806130004,0.337998184755986
2011,224931.653489919,145230.204763306,348372.770142179,12.3235518727744,0.223206392923557,"Splitnose RF","Biomass index","Total biomass (kg)",348372.770142179,0.645663704996574,1,0.416881619949901
2012,161948.811469331,103933.093195878,252349.051970378,11.9950355856984,0.226296479301133,"Splitnose RF","Biomass index","Total biomass (kg)",348372.770142179,0.464872186776354,0.724365029641635,0.298338739716828
2013,158401.138475632,100620.497949486,249361.921096559,11.9728859456828,0.231521944493276,"Splitnose RF","Biomass index","Total biomass (kg)",348372.770142179,0.454688632555825,0.715790505081062,0.288829973446032
2014,147976.987628133,97122.1881299258,225460.209341696,11.9048120516575,0.214844210797412,"Splitnose RF","Biomass index","Total biomass (kg)",348372.770142179,0.424766228335642,0.647180918444574,0.278788115644882
2015,144612.961745772,93932.2889438312,222638.125185997,11.8818162233186,0.220150347362175,"Splitnose RF","Biomass index","Total biomass (kg)",348372.770142179,0.415109831020238,0.639080158575922,0.269631546993455
2016,130373.106682231,83098.0216013356,204543.340725013,11.7781556701054,0.229789680087317,"Splitnose RF","Biomass index","Total biomass (kg)",348372.770142179,0.374234492061543,0.587139289450017,0.23853190812652
2017,127223.28471293,80520.3840686024,201014.492918429,11.7536989690547,0.233388635233643,"Splitnose RF","Biomass index","Total biomass (kg)",348372.770142179,0.365192964596536,0.577009772710968,0.23113282945662
2018,155466.756560724,97633.9235074021,247556.500110116,11.9541872035709,0.23735482810398,"Splitnose RF","Biomass index","Total biomass (kg)",348372.770142179,0.446265523270589,0.710608065059397,0.280257046116306
2019,139211.475839007,85524.2244072756,226600.534989777,11.8437494648565,0.248573202111399,"Splitnose RF","Biomass index","Total biomass (kg)",348372.770142179,0.399604928313403,0.650454210004117,0.245496295167878
2021,141038.036790827,91138.6670988182,218257.831225937,11.8567848974544,0.222783408753296,"Splitnose RF","Biomass index","Total biomass (kg)",348372.770142179,0.404848050360727,0.626506575519266,0.261612487857827
2022,150980.708887465,95812.8473993076,237913.547868593,11.9249073519235,0.232022268816382,"Splitnose RF","Biomass index","Total biomass (kg)",348372.770142179,0.433388375405593,0.682928082385701,0.275029668249342
2023,148365.829247536,96442.638234416,228243.645044271,11.9074363220661,0.219765586162238,"Splitnose RF","Biomass index","Total biomass (kg)",348372.770142179,0.425882393698521,0.655170738376365,0.276837475543957
2024,145007.301338495,89167.1943224675,235816.744053085,11.8845393741936,0.248101956853027,"Splitnose RF","Biomass index","Total biomass (kg)",348372.770142179,0.416241778251825,0.67690923132954,0.255953398097321
