metric,timeseries,year,SElo,index,SEup,region_type
1 day max flow,WAC,1981,-0.0306067934460522,0.30745944463818,0.644672811976163,ESU
1 day max flow,WAC,1982,-0.429330311249476,-0.0918305272734689,0.245829678213353,ESU
1 day max flow,WAC,1983,-0.489126018500343,-0.151058721593687,0.186196837589716,ESU
1 day max flow,WAC,1984,-0.181591359586618,0.157309276800416,0.494380896186412,ESU
1 day max flow,WAC,1985,-1.47129164678494,-1.13378545217591,-0.796135137956474,ESU
1 day max flow,WAC,1986,-0.390201239677688,-0.0523494922276118,0.285021895448755,ESU
1 day max flow,WAC,1987,0.264395192435222,0.601938404695147,0.939564517190638,ESU
1 day max flow,WAC,1988,-1.34758085336948,-1.00995496532933,-0.672373655637383,ESU
1 day max flow,WAC,1989,-1.37829927723814,-1.04082369661075,-0.703060208906096,ESU
1 day max flow,WAC,1990,0.591459223534824,0.92895247821472,1.26663391352359,ESU
1 day max flow,WAC,1991,1.11256381441243,1.45046323792823,1.78844330673373,ESU
1 day max flow,WAC,1992,-0.698575496479936,-0.360280058116217,-0.0231700274401637,ESU
1 day max flow,WAC,1993,-1.63188997989029,-1.29456526004475,-0.956677156506098,ESU
1 day max flow,WAC,1994,-0.67296407977528,-0.335076303326719,0.00232638210409036,ESU
1 day max flow,WAC,1995,0.263207594619052,0.601645020465127,0.938966515346304,ESU
1 day max flow,WAC,1996,1.38606933634946,1.72345092111648,2.06126977051709,ESU
1 day max flow,WAC,1997,1.09628166473134,1.43385030163121,1.77148095621727,ESU
1 day max flow,WAC,1998,-1.10875373196663,-0.771328426115952,-0.433584484759128,ESU
1 day max flow,WAC,1999,0.112892428900254,0.450955045950487,0.788301985753669,ESU
1 day max flow,WAC,2000,0.0028476409964584,0.340102994585554,0.678279753143164,ESU
1 day max flow,WAC,2001,-2.18695244735181,-1.84962201227673,-1.51174630981693,ESU
1 day max flow,WAC,2002,-0.0116264489976988,0.326304719559231,0.663600615771359,ESU
1 day max flow,WAC,2003,-0.295405198555595,0.0426670440265688,0.380121287216181,ESU
1 day max flow,WAC,2004,-0.273812274749038,0.0642817249793255,0.401516789442437,ESU
1 day max flow,WAC,2005,-0.670260272087036,-0.333072129992553,0.00507775660993536,ESU
1 day max flow,WAC,2006,-0.320649428372282,0.0173497649644161,0.354846462872792,ESU
1 day max flow,WAC,2007,0.27576150713647,0.612986139868213,0.951648327761437,ESU
1 day max flow,WAC,2008,0.951456202013427,1.29081792366434,1.62988074155921,ESU
1 day max flow,WAC,2009,1.22219339313773,1.5604239768031,1.90285471306294,ESU
1 day max flow,WAC,2010,-0.695231985249867,-0.356953393528006,-0.0197671355216252,ESU
1 day max flow,WAC,2011,-0.280562860284633,0.0572416214698317,0.394750620019694,ESU
1 day max flow,WAC,2012,-1.124224099218,-0.787062987849237,-0.448885424057428,ESU
1 day max flow,WAC,2013,-0.832584748892542,-0.495366122142205,-0.157283971210803,ESU
1 day max flow,WAC,2014,-0.872896359251254,-0.534440776053761,-0.197193592446653,ESU
1 day max flow,WAC,2015,-0.455193877242075,-0.117701407597867,0.220344921522841,ESU
1 day max flow,WAC,2016,0.024091270648825,0.36223687428365,0.699435045922377,ESU
1 day max flow,WAC,2017,-0.890575475977117,-0.552819682164174,-0.215196831362474,ESU
1 day max flow,WAC,2018,-0.404473222667122,-0.0665115589056106,0.270814265678428,ESU
1 day max flow,WAC,2019,-1.18751930996891,-0.850228312552657,-0.512254617420145,ESU
1 day max flow,WAC,2020,-0.274406520581921,0.0630408804367591,0.400790535713289,ESU
1 day max flow,WAC,2021,-0.570245789198534,-0.232606529648748,0.105040099234942,ESU
1 day max flow,WAC,2022,0.963220772942869,1.30151671754555,1.63886183665356,ESU
1 day max flow,WAC,2023,-0.984796242894699,-0.647179469466995,-0.309643331975571,ESU
1 day max flow,WAC,2024,-0.366880714990373,-0.0297407082322065,0.308569521359638,ESU
1 day max flow,WAC,2025,-0.937951642793056,-0.600607106053105,-0.262710715299708,ESU
1 day max flow,UWR,1981,0.240428973155159,0.463672051388805,0.687611514235537,ESU
1 day max flow,UWR,1982,0.830302755644345,1.05356977154131,1.27780638416496,ESU
1 day max flow,UWR,1983,-0.040697431874046,0.182516388440687,0.406082862444198,ESU
1 day max flow,UWR,1984,-0.357160872998012,-0.133779600598115,0.0895471571354242,ESU
1 day max flow,UWR,1985,-0.390839568808287,-0.167675391075378,0.0561547840221486,ESU
1 day max flow,UWR,1986,0.992339342549978,1.21570911732519,1.43900043649825,ESU
1 day max flow,UWR,1987,-0.499566910069784,-0.276242309174045,-0.0528970674985089,ESU
1 day max flow,UWR,1988,-0.462818691891296,-0.239626527201985,-0.0156219865998601,ESU
1 day max flow,UWR,1989,-0.657613359109945,-0.433046445447875,-0.209630107300695,ESU
1 day max flow,UWR,1990,-0.393382003643307,-0.167215367288914,0.0570201259697809,ESU
1 day max flow,UWR,1991,-0.921553320418545,-0.69828755689625,-0.474887959590902,ESU
1 day max flow,UWR,1992,-0.796608592296017,-0.573148470602723,-0.349915424384856,ESU
1 day max flow,UWR,1993,-0.556033546012938,-0.332863148027802,-0.109136520598176,ESU
1 day max flow,UWR,1994,-1.65233173288306,-1.42910126262511,-1.20554945478904,ESU
1 day max flow,UWR,1995,0.044678095019175,0.268104175847776,0.492851240845535,ESU
1 day max flow,UWR,1996,2.55613710393699,2.78086858643916,3.00422292470479,ESU
1 day max flow,UWR,1997,1.40874803635036,1.63191340850369,1.85577365066062,ESU
1 day max flow,UWR,1998,-0.729076381802181,-0.505744843840785,-0.282411078263989,ESU
1 day max flow,UWR,1999,0.831547987942683,1.05473839086598,1.27837076282538,ESU
1 day max flow,UWR,2000,0.181928460564091,0.406743426268008,0.630198020024966,ESU
1 day max flow,UWR,2001,-2.1600067651944,-1.9367986862752,-1.71293598915889,ESU
1 day max flow,UWR,2002,-0.425375064527637,-0.202009246801503,0.0212804242830273,ESU
1 day max flow,UWR,2003,-0.738111540376688,-0.514916042862431,-0.291301977688731,ESU
1 day max flow,UWR,2004,-0.629657990036798,-0.406287174917101,-0.1829926840271,ESU
1 day max flow,UWR,2005,-1.28727016215403,-1.06392120838458,-0.840616659719058,ESU
1 day max flow,UWR,2006,0.679324244920943,0.902548478777975,1.12676616355166,ESU
1 day max flow,UWR,2007,-0.2159189060367,0.00735781041441102,0.23076161534352,ESU
1 day max flow,UWR,2008,-0.538565336896008,-0.315196339453464,-0.0907618176572618,ESU
1 day max flow,UWR,2009,-0.102565447978491,0.122741041795376,0.346402605724533,ESU
1 day max flow,UWR,2010,-0.515394420666391,-0.291019126737295,-0.0676356881279371,ESU
1 day max flow,UWR,2011,0.272843226041733,0.497300260684531,0.72057283868686,ESU
1 day max flow,UWR,2012,0.615450349876476,0.838624829057889,1.0626249299885,ESU
1 day max flow,UWR,2013,-0.248263967030901,-0.025091162267131,0.198702263722386,ESU
1 day max flow,UWR,2014,-0.0307015331256723,0.192908429167633,0.416117679255495,ESU
1 day max flow,UWR,2015,0.178365959693562,0.401974853499571,0.625166061609595,ESU
1 day max flow,UWR,2016,-0.156523459027339,0.0668112438772998,0.29012843787597,ESU
1 day max flow,UWR,2017,-0.641532046649793,-0.418321182864141,-0.194806655235686,ESU
1 day max flow,UWR,2018,-0.987151413661763,-0.763254809420538,-0.540090855263423,ESU
1 day max flow,UWR,2019,1.08676397296924,1.31035648090733,1.53370302073026,ESU
1 day max flow,UWR,2020,-0.989451479882697,-0.766265560960749,-0.542625897775764,ESU
1 day max flow,UWR,2021,-0.613243242395857,-0.389325705272917,-0.166160213065513,ESU
1 day max flow,UWR,2022,-0.262943244411326,-0.0396098873804132,0.183711401874936,ESU
1 day max flow,UWR,2023,-0.891234199051209,-0.667920630044244,-0.44456580972771,ESU
1 day max flow,UWR,2024,-0.497797164028393,-0.274609555637166,-0.051024564885726,ESU
1 day max flow,UWR,2025,-0.601030956520018,-0.375769215810142,-0.150421200277956,ESU
1 day max flow,ORC,1981,0.011237961679322,0.351487415316085,0.694498545629423,ESU
1 day max flow,ORC,1982,0.822517719036368,1.16297316016501,1.50579616348053,ESU
1 day max flow,ORC,1983,0.373741016853533,0.715985096743897,1.05788813662552,ESU
1 day max flow,ORC,1984,-0.237204904646657,0.10363532414406,0.445698502317288,ESU
1 day max flow,ORC,1985,-0.873017491728782,-0.532543100791912,-0.189953155915565,ESU
1 day max flow,ORC,1986,0.0784283465005259,0.420485055944569,0.760889620059533,ESU
1 day max flow,ORC,1987,-0.624551722241403,-0.282164072064235,0.0581235620696199,ESU
1 day max flow,ORC,1988,-0.575144461833899,-0.234143127169974,0.10718225759376,ESU
1 day max flow,ORC,1989,-0.852256424539856,-0.508933057639895,-0.16872370559607,ESU
1 day max flow,ORC,1990,-0.294391475892086,0.0469151465261775,0.388093048388763,ESU
1 day max flow,ORC,1991,-0.767019343277252,-0.425310698149341,-0.0847165999213461,ESU
1 day max flow,ORC,1992,-1.25707374259232,-0.915179683233922,-0.574700112638119,ESU
1 day max flow,ORC,1993,-1.07511690654326,-0.734913593503098,-0.39210537857904,ESU
1 day max flow,ORC,1994,-1.52099749427027,-1.18078160080688,-0.838099871647827,ESU
1 day max flow,ORC,1995,-0.134877775654139,0.20572571367458,0.547387676803663,ESU
1 day max flow,ORC,1996,1.24211843169758,1.5833420277271,1.92531823407303,ESU
1 day max flow,ORC,1997,0.918409596952537,1.25852760152708,1.60170408613104,ESU
1 day max flow,ORC,1998,-0.986508184448148,-0.645694057087512,-0.304333275762762,ESU
1 day max flow,ORC,1999,0.682005241431985,1.0234933192419,1.3649211861003,ESU
1 day max flow,ORC,2000,-0.0564034985304734,0.287972364531817,0.628075280127628,ESU
1 day max flow,ORC,2001,-2.0528874434722,-1.7125022436931,-1.37037619304237,ESU
1 day max flow,ORC,2002,-0.909412825133079,-0.568034985287748,-0.227244345543247,ESU
1 day max flow,ORC,2003,-0.589025648377465,-0.248329268608137,0.0932744893297813,ESU
1 day max flow,ORC,2004,-0.672638761283966,-0.331879724419119,0.00957357660128632,ESU
1 day max flow,ORC,2005,-0.832830430516226,-0.491533897382762,-0.150655749826472,ESU
1 day max flow,ORC,2006,0.631397055518559,0.973111233458303,1.31368316652479,ESU
1 day max flow,ORC,2007,0.321306032313761,0.662840031429758,1.0035376213043,ESU
1 day max flow,ORC,2008,-0.0640380514596017,0.278605763752749,0.618959257345448,ESU
1 day max flow,ORC,2009,0.0634302178022234,0.406062492854608,0.746302602884025,ESU
1 day max flow,ORC,2010,-1.19449537220402,-0.853913288345049,-0.512213050960469,ESU
1 day max flow,ORC,2011,-0.105661253152236,0.235235454974498,0.576502331184733,ESU
1 day max flow,ORC,2012,0.582249703256981,0.922824335664403,1.26520121555302,ESU
1 day max flow,ORC,2013,-0.353418870847179,-0.0123482909645738,0.328714224438874,ESU
1 day max flow,ORC,2014,-0.721611747841349,-0.380463503444509,-0.0394790082089809,ESU
1 day max flow,ORC,2015,0.339140360871532,0.682100868850695,1.0223878797248,ESU
1 day max flow,ORC,2016,0.171243725255685,0.514111239786936,0.854284486310225,ESU
1 day max flow,ORC,2017,-0.0402927741875423,0.302222518829335,0.642626002145806,ESU
1 day max flow,ORC,2018,-1.1018851139126,-0.761481122825333,-0.41898180737419,ESU
1 day max flow,ORC,2019,-0.118809310730161,0.221691962279019,0.563583281406733,ESU
1 day max flow,ORC,2020,-1.22629639396248,-0.885214206543968,-0.544159610924154,ESU
1 day max flow,ORC,2021,-0.560614866345065,-0.219472776900509,0.121886920175007,ESU
1 day max flow,ORC,2022,-0.89501356719061,-0.551932943193501,-0.211770195896509,ESU
1 day max flow,ORC,2023,-0.701312524737118,-0.360741249475672,-0.0189102762564004,ESU
1 day max flow,ORC,2024,-0.413710639684072,-0.0702016198964394,0.269884867039392,ESU
1 day max flow,ORC,2025,0.1456195748549,0.505218995572908,0.870336389180478,ESU
1 day max flow,PUG,1981,0.48467180928621,0.742422872474962,1.00090518352165,ESU
1 day max flow,PUG,1982,-0.33340673542181,-0.0750890529817362,0.182710305428109,ESU
1 day max flow,PUG,1983,-0.305306880229824,-0.0467057748349701,0.210996659016565,ESU
1 day max flow,PUG,1984,0.194612747413715,0.453748944658919,0.711669800286994,ESU
1 day max flow,PUG,1985,-1.25987605273402,-1.00218092396622,-0.743994720461296,ESU
1 day max flow,PUG,1986,-0.0466747283256203,0.212020903506806,0.469842948040789,ESU
1 day max flow,PUG,1987,-0.406425408554209,-0.14631787482138,0.11201100304421,ESU
1 day max flow,PUG,1988,-1.06249777943542,-0.804671798632126,-0.546811086801376,ESU
1 day max flow,PUG,1989,-1.08182673207047,-0.823841236369717,-0.565966004006609,ESU
1 day max flow,PUG,1990,0.38428806570069,0.642075697958687,0.899969774122123,ESU
1 day max flow,PUG,1991,1.49306595877753,1.75119504126449,2.00888385872147,ESU
1 day max flow,PUG,1992,-0.651883047666243,-0.394057891959183,-0.135933800548632,ESU
1 day max flow,PUG,1993,-1.30437598358362,-1.04639557189166,-0.788584262665838,ESU
1 day max flow,PUG,1994,-1.09481033011051,-0.837000533431989,-0.578911265251755,ESU
1 day max flow,PUG,1995,-0.265845699013313,-0.00777354948950754,0.249935355706646,ESU
1 day max flow,PUG,1996,1.4492447538964,1.7072431469183,1.96506370736517,ESU
1 day max flow,PUG,1997,0.506082640222632,0.763923119742982,1.02185717544441,ESU
1 day max flow,PUG,1998,-0.909053651143675,-0.651336592273042,-0.393307707273876,ESU
1 day max flow,PUG,1999,-0.126403917701426,0.13132167313567,0.389314025188451,ESU
1 day max flow,PUG,2000,-0.178071048961884,0.0801607354171794,0.337846214641113,ESU
1 day max flow,PUG,2001,-1.55631970673321,-1.29857793178129,-1.04061837422921,ESU
1 day max flow,PUG,2002,0.232153939189974,0.490128333785094,0.748115438589972,ESU
1 day max flow,PUG,2003,-0.429183956197779,-0.171499737893748,0.0866694728088008,ESU
1 day max flow,PUG,2004,0.560165358880885,0.818265060840027,1.07630391771008,ESU
1 day max flow,PUG,2005,-0.326948535626245,-0.0688845373781134,0.188815962429312,ESU
1 day max flow,PUG,2006,-0.392818471605084,-0.134627571467824,0.123120025343109,ESU
1 day max flow,PUG,2007,0.66384892815896,0.921741632135979,1.17971154174086,ESU
1 day max flow,PUG,2008,0.161262653732852,0.419066855603974,0.677303970296893,ESU
1 day max flow,PUG,2009,0.24796079606735,0.506314392588342,0.764565171944223,ESU
1 day max flow,PUG,2010,-0.603713451676338,-0.345747753113099,-0.0877214068445898,ESU
1 day max flow,PUG,2011,0.191261186442101,0.448986602253652,0.707235498209642,ESU
1 day max flow,PUG,2012,-0.754451568460264,-0.496609032892199,-0.238722384301762,ESU
1 day max flow,PUG,2013,-0.947298545811645,-0.689503868874871,-0.431634028085336,ESU
1 day max flow,PUG,2014,-0.71076187761921,-0.452935997888962,-0.195009713388942,ESU
1 day max flow,PUG,2015,-0.130338597021131,0.127459432313922,0.385361678549775,ESU
1 day max flow,PUG,2016,0.145213513508031,0.403212318059866,0.661058004068758,ESU
1 day max flow,PUG,2017,-0.598408915655463,-0.340704815008628,-0.0826259586294901,ESU
1 day max flow,PUG,2018,-0.019409400144141,0.238403334491548,0.496428847982595,ESU
1 day max flow,PUG,2019,-0.953745584711795,-0.695985648655295,-0.437953202969166,ESU
1 day max flow,PUG,2020,0.201865102694634,0.459756125251996,0.718377409020948,ESU
1 day max flow,PUG,2021,-0.682583156834603,-0.424814830202323,-0.166882362333209,ESU
1 day max flow,PUG,2022,0.776223947284366,1.03412603372815,1.29276554808216,ESU
1 day max flow,PUG,2023,-0.792255251361157,-0.529923444944619,-0.267009575444813,ESU
1 day max flow,PUG,2024,-0.42541023267919,-0.162927446685041,0.0995822541280419,ESU
1 day max flow,PUG,2025,-1.02836887501102,-0.765959645583868,-0.503381131243364,ESU
1 day max flow,SAC,1981,-0.603882880044183,-0.269231679824101,0.0654087617232522,ESU
1 day max flow,SAC,1982,0.645102753660197,0.98057741248918,1.31501785226923,ESU
1 day max flow,SAC,1983,1.23635347503631,1.57265166269708,1.90718381844818,ESU
1 day max flow,SAC,1984,0.416084838324287,0.751154170532035,1.08556646908821,ESU
1 day max flow,SAC,1985,-1.13666395621181,-0.802095052303494,-0.467368050207631,ESU
1 day max flow,SAC,1986,1.51340637988098,1.84795825184677,2.1827055135957,ESU
1 day max flow,SAC,1987,-0.953673103992697,-0.618969851982736,-0.284380855330409,ESU
1 day max flow,SAC,1988,-1.00343697938994,-0.668766356432222,-0.33415418991358,ESU
1 day max flow,SAC,1989,-0.643889916106106,-0.309306449728287,0.0254183226729673,ESU
1 day max flow,SAC,1990,-1.40316244281991,-1.06848347995252,-0.733865277231652,ESU
1 day max flow,SAC,1991,-1.32332900494242,-0.988878924624681,-0.653885043487872,ESU
1 day max flow,SAC,1992,-0.890461185973637,-0.55605433964099,-0.220632271702027,ESU
1 day max flow,SAC,1993,0.155611344377884,0.490144762276118,0.82491859758068,ESU
1 day max flow,SAC,1994,-1.66329726811471,-1.32866248661083,-0.994009374041527,ESU
1 day max flow,SAC,1995,0.977212695959798,1.31294457562535,1.64739385952963,ESU
1 day max flow,SAC,1996,-0.225360361430698,0.109040502650683,0.444268360091849,ESU
1 day max flow,SAC,1997,1.07249317849912,1.40753304487028,1.74559528516005,ESU
1 day max flow,SAC,1998,0.704550118136772,1.04037662280679,1.3748267024845,ESU
1 day max flow,SAC,1999,-0.34141100397423,-0.00697054192186206,0.32805141517746,ESU
1 day max flow,SAC,2000,-0.0821909453690114,0.252203939842006,0.587437909028396,ESU
1 day max flow,SAC,2001,-0.75908068936544,-0.42463236702657,-0.0895690074507893,ESU
1 day max flow,SAC,2002,-0.302373697843489,0.0321929059908259,0.366937724187901,ESU
1 day max flow,SAC,2003,-0.0639255599263567,0.270758747472096,0.605359460783797,ESU
1 day max flow,SAC,2004,0.298063507113202,0.63262817637562,0.967358038894374,ESU
1 day max flow,SAC,2005,-0.14762157229213,0.186804724093673,0.522302842661132,ESU
1 day max flow,SAC,2006,0.921517359788036,1.25609534929516,1.59081890510889,ESU
1 day max flow,SAC,2007,-0.978265896324564,-0.643715499824711,-0.308966222453491,ESU
1 day max flow,SAC,2008,-0.955503346800074,-0.620962480095764,-0.286179473435704,ESU
1 day max flow,SAC,2009,-0.939250796299489,-0.60477101763239,-0.269809930142675,ESU
1 day max flow,SAC,2010,-0.678172316389982,-0.34371161784201,-0.00862443299184312,ESU
1 day max flow,SAC,2011,-0.088292682036474,0.24624815427502,0.581035371330539,ESU
1 day max flow,SAC,2012,-1.16391108708056,-0.829409282318813,-0.494556434604416,ESU
1 day max flow,SAC,2013,-0.445647095542762,-0.111045346124244,0.223654096662408,ESU
1 day max flow,SAC,2014,-1.46192144682297,-1.12676787178757,-0.792327133854248,ESU
1 day max flow,SAC,2015,0.14008950612332,0.476393799279581,0.810917951816013,ESU
1 day max flow,SAC,2016,-0.310824111433885,0.0236769307802192,0.358594704625344,ESU
1 day max flow,SAC,2017,0.59943658919509,0.93389051568166,1.26885166936804,ESU
1 day max flow,SAC,2018,-0.718529871382633,-0.383824844383957,-0.0492411688575976,ESU
1 day max flow,SAC,2019,0.45914124233047,0.795220518998299,1.12970406668553,ESU
1 day max flow,SAC,2020,-1.61643554463431,-1.28130298074915,-0.946833455117632,ESU
1 day max flow,SAC,2021,-2.129426759338,-1.79397392207805,-1.45949377807654,ESU
1 day max flow,SAC,2022,-1.27392063750427,-0.939381018988194,-0.604610858929657,ESU
1 day max flow,SAC,2023,-0.119747568963984,0.215105661969956,0.549593431999891,ESU
1 day max flow,SAC,2024,-0.299950232935344,0.034615964012638,0.369355914013887,ESU
1 day max flow,SAC,2025,0.517581825235371,0.852695047670583,1.18718107018056,ESU
1 day max flow,MCS,1981,0.454223018854148,0.689572651596872,0.924908454015787,ESU
1 day max flow,MCS,1982,0.590352792825804,0.825662822729143,1.06096022305918,ESU
1 day max flow,MCS,1983,0.114123767843134,0.349315786701165,0.584490252650528,ESU
1 day max flow,MCS,1984,-0.214364688046553,0.0208313513228535,0.256008496986283,ESU
1 day max flow,MCS,1985,-0.620703955015461,-0.385386739662713,-0.150093599785948,ESU
1 day max flow,MCS,1986,0.602774896274156,0.83801148921962,1.07323952734121,ESU
1 day max flow,MCS,1987,-0.890487025728275,-0.655275212212472,-0.420078966670422,ESU
1 day max flow,MCS,1988,-1.06826747087631,-0.833077031546668,-0.597895399610858,ESU
1 day max flow,MCS,1989,-0.58461862521348,-0.349444005064768,-0.114262857851611,ESU
1 day max flow,MCS,1990,-0.959209376671672,-0.723982627326488,-0.488772719334126,ESU
1 day max flow,MCS,1991,0.0454409722061441,0.28063876952231,0.515875372751654,ESU
1 day max flow,MCS,1992,-1.1548003148298,-0.919612607387112,-0.684415255220948,ESU
1 day max flow,MCS,1993,-0.346485707309632,-0.111313406895862,0.123873136661267,ESU
1 day max flow,MCS,1994,-1.18148496804963,-0.946311292919574,-0.711129290547978,ESU
1 day max flow,MCS,1995,-0.255092758963485,-0.0198170074273697,0.215457576955271,ESU
1 day max flow,MCS,1996,2.71238262016822,2.94869606764461,3.18502160757869,ESU
1 day max flow,MCS,1997,1.29181111069,1.52701869006109,1.76218419456825,ESU
1 day max flow,MCS,1998,-0.401346850102632,-0.166113942260633,0.0690726201608128,ESU
1 day max flow,MCS,1999,-0.158772142458868,0.0764543500446252,0.311660461959334,ESU
1 day max flow,MCS,2000,-0.423874826207069,-0.188557483450076,0.0467015523193883,ESU
1 day max flow,MCS,2001,-1.35350911487087,-1.1183107332908,-0.883118839801711,ESU
1 day max flow,MCS,2002,-0.436376177681085,-0.201203746476757,0.0339871984035045,ESU
1 day max flow,MCS,2003,-0.315807388363155,-0.0805354454035209,0.154745401763869,ESU
1 day max flow,MCS,2004,-0.749401293742649,-0.514209934239491,-0.278993243075337,ESU
1 day max flow,MCS,2005,-0.977135740600555,-0.741953164522478,-0.506765816717038,ESU
1 day max flow,MCS,2006,-0.208551771693177,0.0266410388250213,0.261823046903472,ESU
1 day max flow,MCS,2007,-0.386048148996147,-0.150659490842486,0.0847199375856271,ESU
1 day max flow,MCS,2008,-0.27749727263637,-0.0422344095593681,0.193007909160479,ESU
1 day max flow,MCS,2009,-0.0234554976343341,0.211720856333777,0.446913055240259,ESU
1 day max flow,MCS,2010,-0.575054497602933,-0.339874978957512,-0.10469319599922,ESU
1 day max flow,MCS,2011,0.865906899302601,1.10109266239219,1.33626602173912,ESU
1 day max flow,MCS,2012,-0.206468434924302,0.0287622694340604,0.263966456174225,ESU
1 day max flow,MCS,2013,-0.577338447525238,-0.342155669594589,-0.106975039363189,ESU
1 day max flow,MCS,2014,-0.178819440416635,0.0563621202404508,0.291540484990524,ESU
1 day max flow,MCS,2015,-0.393959034498879,-0.158617582422397,0.076704126693564,ESU
1 day max flow,MCS,2016,-0.214441277541846,0.0208894000976805,0.25621867472049,ESU
1 day max flow,MCS,2017,0.0440455907284319,0.279245565516555,0.514450879045999,ESU
1 day max flow,MCS,2018,-0.277589555467511,-0.0423984093917059,0.192791984518594,ESU
1 day max flow,MCS,2019,0.216473233336558,0.4516358359126,0.686834677909315,ESU
1 day max flow,MCS,2020,0.731448393334215,0.966636106962906,1.20199253951387,ESU
1 day max flow,MCS,2021,-0.939691095208422,-0.704503753064992,-0.469316777994581,ESU
1 day max flow,MCS,2022,-0.364521370824602,-0.12934667245938,0.105850549044979,ESU
1 day max flow,MCS,2023,-0.431334208384138,-0.196162037617287,0.039021715616971,ESU
1 day max flow,MCS,2024,-0.771442500791767,-0.531958336447784,-0.292501273780686,ESU
1 day max flow,MCS,2025,-0.365022229397711,-0.129847437959675,0.10534556366472,ESU
1 day max flow,UKT,1981,-1.03055171209988,-0.67765481368472,-0.326252367181639,ESU
1 day max flow,UKT,1982,1.09374641705928,1.44948375323823,1.80058505659926,ESU
1 day max flow,UKT,1983,0.680490022914258,1.03156838084748,1.38762556987269,ESU
1 day max flow,UKT,1984,-0.221049674558651,0.130462284050732,0.483556509897661,ESU
1 day max flow,UKT,1985,-0.779693439252975,-0.427616433374965,-0.0756714989615369,ESU
1 day max flow,UKT,1986,1.05299824679951,1.40706326872347,1.75800165571991,ESU
1 day max flow,UKT,1987,-1.07587945078038,-0.723471057140816,-0.371790424197723,ESU
1 day max flow,UKT,1988,-1.00853835500949,-0.654034246321779,-0.303031899088143,ESU
1 day max flow,UKT,1989,-0.539260534919457,-0.187442573127683,0.164840914082115,ESU
1 day max flow,UKT,1990,-1.02531213324227,-0.670637618603462,-0.31961652662282,ESU
1 day max flow,UKT,1991,-1.14575710487866,-0.793491957359575,-0.441729464121939,ESU
1 day max flow,UKT,1992,-1.0683915654445,-0.716493988207616,-0.364365925698922,ESU
1 day max flow,UKT,1993,-0.223384492439345,0.127821052997298,0.481491620373164,ESU
1 day max flow,UKT,1994,-1.38983473051814,-1.03703658148649,-0.68566311403285,ESU
1 day max flow,UKT,1995,0.399239146263217,0.751066830504144,1.10330094582226,ESU
1 day max flow,UKT,1996,-0.13985628985963,0.211419324868939,0.565925847649402,ESU
1 day max flow,UKT,1997,2.63040748279457,2.99735313632927,3.35135278308196,ESU
1 day max flow,UKT,1998,0.328270096189725,0.684393355831607,1.03511466809457,ESU
1 day max flow,UKT,1999,-0.623594038840594,-0.272040239557998,0.0807143603410108,ESU
1 day max flow,UKT,2000,-0.659590202778799,-0.308564289746572,0.04531799346237,ESU
1 day max flow,UKT,2001,-1.39926977347191,-1.04544052485475,-0.694605102938648,ESU
1 day max flow,UKT,2002,-0.645695967754124,-0.294751513174996,0.0589286884980582,ESU
1 day max flow,UKT,2003,-0.5272302708614,-0.172893589508754,0.178074241709745,ESU
1 day max flow,UKT,2004,-0.262171559304135,0.0894936045503386,0.441881382401783,ESU
1 day max flow,UKT,2005,-0.626809211258777,-0.275528286269238,0.0777777488600778,ESU
1 day max flow,UKT,2006,1.67034749103449,2.03223711533134,2.38401864225981,ESU
1 day max flow,UKT,2007,-0.821461287324622,-0.469889994247566,-0.117379612691142,ESU
1 day max flow,UKT,2008,-0.853748560574478,-0.502045064322378,-0.149572418941371,ESU
1 day max flow,UKT,2009,-1.05363224184091,-0.700453811663488,-0.34928279628839,ESU
1 day max flow,UKT,2010,-0.818560851427183,-0.466755673497041,-0.114515501975231,ESU
1 day max flow,UKT,2011,-0.293621240409655,0.0577141830730382,0.412980880742579,ESU
1 day max flow,UKT,2012,-0.564097790210777,-0.212716604007941,0.140098729853179,ESU
1 day max flow,UKT,2013,-0.761976732041217,-0.409011702846099,-0.0575049962205574,ESU
1 day max flow,UKT,2014,-1.06877207402631,-0.714073648414672,-0.363129453110742,ESU
1 day max flow,UKT,2015,0.123382013630712,0.478421312627466,0.829441112740029,ESU
1 day max flow,UKT,2016,0.0214726082271138,0.372351092139482,0.729703099714565,ESU
1 day max flow,UKT,2017,0.753329042236503,1.10385947366162,1.45865855203453,ESU
1 day max flow,UKT,2018,-0.897434827938731,-0.544032991683647,-0.193001661228723,ESU
1 day max flow,UKT,2019,0.314545077586447,0.665756864071472,1.02522801592806,ESU
1 day max flow,UKT,2020,-0.941868469635373,-0.590238960089951,-0.237736104864862,ESU
1 day max flow,UKT,2021,-1.16918535394773,-0.817407322596677,-0.465063293049009,ESU
1 day max flow,UKT,2022,-0.99021572964008,-0.638795049595976,-0.285544065913482,ESU
1 day max flow,UKT,2023,-0.0524354865698234,0.298838278465871,0.659672477357921,ESU
1 day max flow,UKT,2024,-0.53540577482294,-0.184516828007448,0.169392296967214,ESU
1 day max flow,UKT,2025,0.266540428814658,0.617716659290522,0.97145253465277,ESU
1 day max flow,LCR,1981,0.584926223168228,0.883726397146421,1.1825207340485,ESU
1 day max flow,LCR,1982,0.551935451871711,0.850663701349829,1.14940958387545,ESU
1 day max flow,LCR,1983,-2.30E-04,0.29851480388371,0.597284691075297,ESU
1 day max flow,LCR,1984,-0.609721079400316,-0.311060996387312,-0.0124401145109418,ESU
1 day max flow,LCR,1985,-0.870194090159387,-0.571487699583902,-0.272825350256409,ESU
1 day max flow,LCR,1986,0.274118787486548,0.573119046571769,0.871892933414551,ESU
1 day max flow,LCR,1987,-0.354839859490657,-0.0557692673493434,0.243250074941818,ESU
1 day max flow,LCR,1988,-0.828521829773303,-0.529907515599842,-0.231314268686218,ESU
1 day max flow,LCR,1989,-1.14023465949251,-0.841083583680374,-0.542017542278938,ESU
1 day max flow,LCR,1990,-0.0689605276407602,0.22971011992002,0.528410305025708,ESU
1 day max flow,LCR,1991,0.169880861589793,0.468739904057671,0.767511261484835,ESU
1 day max flow,LCR,1992,-0.973917041676477,-0.675206946877655,-0.376457741254427,ESU
1 day max flow,LCR,1993,-1.17109075268385,-0.872532736333748,-0.573824717894583,ESU
1 day max flow,LCR,1994,-1.2508926365099,-0.95220513131199,-0.653490050547311,ESU
1 day max flow,LCR,1995,-0.127221822107433,0.171433286012444,0.469978747348512,ESU
1 day max flow,LCR,1996,3.16596056628137,3.46451958300788,3.76316153139212,ESU
1 day max flow,LCR,1997,0.432510090030621,0.731664237498481,1.03099418374926,ESU
1 day max flow,LCR,1998,-0.957866512265905,-0.659182076348884,-0.360536898685936,ESU
1 day max flow,LCR,1999,0.195170354167688,0.494005286994972,0.793092193836528,ESU
1 day max flow,LCR,2000,0.296210120913977,0.600532455349572,0.904869417549966,ESU
1 day max flow,LCR,2001,-1.70064985130243,-1.40196552687605,-1.10343141651767,ESU
1 day max flow,LCR,2002,-0.627636313309388,-0.329015752567491,-0.0301936961249484,ESU
1 day max flow,LCR,2003,0.0768520569029603,0.3753815121687,0.674226148072437,ESU
1 day max flow,LCR,2004,-0.710082251298987,-0.410801856682858,-0.111169907535253,ESU
1 day max flow,LCR,2005,-0.95036261763688,-0.651657733537792,-0.352867634864086,ESU
1 day max flow,LCR,2006,-0.123586870362471,0.174899817472643,0.47389084356244,ESU
1 day max flow,LCR,2007,1.01609873469132,1.31480928806549,1.6133957470913,ESU
1 day max flow,LCR,2008,-0.422583786123359,-0.123826257809721,0.175242703556837,ESU
1 day max flow,LCR,2009,0.707900188976821,1.00722476422459,1.3058212458477,ESU
1 day max flow,LCR,2010,-1.26672749829673,-0.96816637534721,-0.669525938269504,ESU
1 day max flow,LCR,2011,0.521242112833412,0.820501716226807,1.11926841569452,ESU
1 day max flow,LCR,2012,-0.445486155138274,-0.146777359369672,0.151776402709492,ESU
1 day max flow,LCR,2013,-0.79073501001029,-0.492153552713138,-0.193339663181035,ESU
1 day max flow,LCR,2014,-0.503054272571006,-0.204046744398603,0.0944230617491265,ESU
1 day max flow,LCR,2015,-0.610192389195103,-0.311177603296257,-0.0125599300922336,ESU
1 day max flow,LCR,2016,0.479056320487706,0.777777946295054,1.07710562528363,ESU
1 day max flow,LCR,2017,-0.617921505978125,-0.319302518702184,-0.020542936439841,ESU
1 day max flow,LCR,2018,-0.524173364353533,-0.225228755382502,0.0732919897997612,ESU
1 day max flow,LCR,2019,-0.95918711916823,-0.66048892898081,-0.361974525584485,ESU
1 day max flow,LCR,2020,-0.635606677125084,-0.337031275063951,-0.0383987443530879,ESU
1 day max flow,LCR,2021,-0.331385704994326,-0.0326671185898608,0.26588046296459,ESU
1 day max flow,LCR,2022,-0.137024506785194,0.161658777609697,0.46040959201033,ESU
1 day max flow,LCR,2023,-0.700042891825361,-0.401248738557238,-0.102091076994038,ESU
1 day max flow,LCR,2024,-0.557952224887991,-0.259352857497737,0.0392464650886403,ESU
1 day max flow,LCR,2025,-0.954426074050272,-0.65554886008826,-0.356641695760205,ESU
1 day max flow,UCS,1981,0.0851627952937559,0.383544070741898,0.680396884975531,ESU
1 day max flow,UCS,1982,0.103249450761311,0.400891674611625,0.698166796360597,ESU
1 day max flow,UCS,1983,0.767119782719975,1.06424757818871,1.36209832250929,ESU
1 day max flow,UCS,1984,-0.430016842110826,-0.132742423682014,0.164901593429548,ESU
1 day max flow,UCS,1985,-0.93965303512697,-0.642609367946778,-0.344630523914733,ESU
1 day max flow,UCS,1986,0.510329342696942,0.807342407231593,1.10537959417988,ESU
1 day max flow,UCS,1987,-0.521128963885938,-0.223712650041613,0.0737722396136831,ESU
1 day max flow,UCS,1988,-1.1215338093273,-0.824366187173339,-0.526581037373397,ESU
1 day max flow,UCS,1989,-1.02393978967646,-0.726667316482339,-0.429019319239312,ESU
1 day max flow,UCS,1990,-0.634793766616016,-0.337446563670849,-0.0398881339474475,ESU
1 day max flow,UCS,1991,0.827053263057806,1.12411497914291,1.4220546630144,ESU
1 day max flow,UCS,1992,-1.40428505374128,-1.10659955462554,-0.809358775532894,ESU
1 day max flow,UCS,1993,-0.411382916095529,-0.113893083153153,0.183518164834499,ESU
1 day max flow,UCS,1994,-1.05594123625581,-0.758070493846364,-0.46095864585611,ESU
1 day max flow,UCS,1995,-0.0634629876710049,0.23427909617581,0.531476441020944,ESU
1 day max flow,UCS,1996,0.879438515682689,1.17792848398479,1.4747377434187,ESU
1 day max flow,UCS,1997,0.860507616330889,1.1572969266855,1.45582391150111,ESU
1 day max flow,UCS,1998,-0.0584143009194761,0.239127500358976,0.536489934644824,ESU
1 day max flow,UCS,1999,0.811745546075701,1.10954038734503,1.40669833223185,ESU
1 day max flow,UCS,2000,-1.14133476935014,-0.843650924028361,-0.546407589817727,ESU
1 day max flow,UCS,2001,-1.62361647269377,-1.32607859539226,-1.02871235167543,ESU
1 day max flow,UCS,2002,-0.194468627142835,0.102777390182148,0.400458391859532,ESU
1 day max flow,UCS,2003,-0.912931819153374,-0.615036102373495,-0.317945303477264,ESU
1 day max flow,UCS,2004,-1.36211479667897,-1.06453857167008,-0.767206360653264,ESU
1 day max flow,UCS,2005,-1.35440719954283,-1.05602224549344,-0.759177234055429,ESU
1 day max flow,UCS,2006,1.00888813914418,1.30735865072261,1.60416712382427,ESU
1 day max flow,UCS,2007,-0.247017826590282,0.0510683715948459,0.348046193178801,ESU
1 day max flow,UCS,2008,0.469809115775286,0.767091008632059,1.06472625228471,ESU
1 day max flow,UCS,2009,-1.11416557715101,-0.8167925721656,-0.519261862501132,ESU
1 day max flow,UCS,2010,-0.673135299718386,-0.375687857754206,-0.0782355916067374,ESU
1 day max flow,UCS,2011,0.168748304101313,0.465462828305588,0.764214659022202,ESU
1 day max flow,UCS,2012,-0.382066720178357,-0.0846925277484873,0.212836046069794,ESU
1 day max flow,UCS,2013,0.288672154875191,0.585788267643307,0.883647827687878,ESU
1 day max flow,UCS,2014,-0.391116938248062,-0.0940220136863197,0.203870011614785,ESU
1 day max flow,UCS,2015,-1.20057546238531,-0.902670232566825,-0.605579323501958,ESU
1 day max flow,UCS,2016,0.286607828993377,0.584155414030329,0.881512336494495,ESU
1 day max flow,UCS,2017,1.21378975440311,1.5120227731089,1.80892651628574,ESU
1 day max flow,UCS,2018,1.17525794650558,1.47183535991661,1.77126395733147,ESU
1 day max flow,UCS,2019,-1.32145829685516,-1.02405375691332,-0.726557412016819,ESU
1 day max flow,UCS,2020,-0.273149823318083,0.0238792426214182,0.321880070688357,ESU
1 day max flow,UCS,2021,-0.708935522301009,-0.411530383998396,-0.114034228086755,ESU
1 day max flow,UCS,2022,-0.110511148373826,0.186870442932622,0.484391131719464,ESU
1 day max flow,UCS,2023,0.244680284372669,0.542058532930625,0.839583358056192,ESU
1 day max flow,UCS,2024,-1.39222550681994,-1.09469736943733,-0.79732237016345,ESU
1 day max flow,UCS,2025,-1.61611549942565,-1.1599622359489,-0.703925778687804,ESU
1 day max flow,UCF,1981,0.559749412519039,0.88599823302321,1.21473462604329,ESU
1 day max flow,UCF,1982,0.102479494297444,0.428895771139516,0.754546487639729,ESU
1 day max flow,UCF,1983,0.452665982157577,0.778568843541806,1.10449749866824,ESU
1 day max flow,UCF,1984,-0.426683511054567,-0.100727929534465,0.225153753544699,ESU
1 day max flow,UCF,1985,-0.985505563208887,-0.659112451622803,-0.333464138396272,ESU
1 day max flow,UCF,1986,0.117907500985772,0.444900496017512,0.770487625534732,ESU
1 day max flow,UCF,1987,-0.727288845281177,-0.401242959814199,-0.0754327560455102,ESU
1 day max flow,UCF,1988,-1.19100767304018,-0.864040691371151,-0.538391602238858,ESU
1 day max flow,UCF,1989,-1.02293817257524,-0.696248478994864,-0.370592563260554,ESU
1 day max flow,UCF,1990,-0.68557082638209,-0.359786277637054,-0.0336806877275783,ESU
1 day max flow,UCF,1991,0.621830192004182,0.955415262286802,1.28454866755513,ESU
1 day max flow,UCF,1992,-1.39953196729054,-1.0735220988022,-0.747679192224944,ESU
1 day max flow,UCF,1993,-0.705517889426029,-0.37953054218708,-0.0536767619218698,ESU
1 day max flow,UCF,1994,-1.24580613910949,-0.920068148954554,-0.593918264372,ESU
1 day max flow,UCF,1995,-0.165833375661419,0.160072342499124,0.486006182644524,ESU
1 day max flow,UCF,1996,1.73618379855121,2.06495385234535,2.39121695983105,ESU
1 day max flow,UCF,1997,0.861429739180017,1.18800177793213,1.51358463236599,ESU
1 day max flow,UCF,1998,-0.138788748009562,0.186971180110958,0.513084619934213,ESU
1 day max flow,UCF,1999,0.302130877919532,0.62771046311238,0.954573964730768,ESU
1 day max flow,UCF,2000,-0.937584022460721,-0.611154919136271,-0.285452685740386,ESU
1 day max flow,UCF,2001,-1.65808677072855,-1.33159154701057,-1.00589722317635,ESU
1 day max flow,UCF,2002,-0.227982820973124,0.0979226867731259,0.423878409986265,ESU
1 day max flow,UCF,2003,-0.658935307511308,-0.333127183097701,-0.00707589716152784,ESU
1 day max flow,UCF,2004,-1.38561528917619,-1.05954198559575,-0.733742979606138,ESU
1 day max flow,UCF,2005,-1.27528072860795,-0.949658472411869,-0.622683018009016,ESU
1 day max flow,UCF,2006,0.452245637686516,0.778660224947444,1.10800781065738,ESU
1 day max flow,UCF,2007,-0.0267579209747761,0.298880394763786,0.625323644109763,ESU
1 day max flow,UCF,2008,0.27637180311469,0.602095823611904,0.928338663593793,ESU
1 day max flow,UCF,2009,-0.50976264824098,-0.183648202797249,0.142215081964023,ESU
1 day max flow,UCF,2010,-0.790394046761795,-0.464515109423351,-0.138562158558405,ESU
1 day max flow,UCF,2011,0.524019325768187,0.850498144156391,1.17612404197311,ESU
1 day max flow,UCF,2012,-0.0900925131571072,0.235698905012565,0.561841671252116,ESU
1 day max flow,UCF,2013,-0.109709352192879,0.216678318494917,0.542329657649534,ESU
1 day max flow,UCF,2014,-0.534590801254034,-0.208067537109223,0.11755167824861,ESU
1 day max flow,UCF,2015,-0.968471543218262,-0.642817805216321,-0.316473106905599,ESU
1 day max flow,UCF,2016,0.430296617504408,0.757461349354126,1.08817022573475,ESU
1 day max flow,UCF,2017,0.650141717996693,0.975791563409529,1.3028590512273,ESU
1 day max flow,UCF,2018,0.821045429099541,1.14715180678831,1.47294556089648,ESU
1 day max flow,UCF,2019,-1.26373326523251,-0.937437247037621,-0.611744638696319,ESU
1 day max flow,UCF,2020,-0.21550644891476,0.110583582654126,0.436355796030741,ESU
1 day max flow,UCF,2021,-0.86554765807077,-0.539203083357467,-0.213534831666498,ESU
1 day max flow,UCF,2022,-0.132767514564419,0.193328237841937,0.519109042608207,ESU
1 day max flow,UCF,2023,-0.0559061765044432,0.269953352582729,0.595928291708515,ESU
1 day max flow,UCF,2024,-1.20679238995576,-0.88082610184195,-0.552661421343469,ESU
1 day max flow,UCF,2025,-1.20015952749237,-0.840311602431958,-0.479016985912451,ESU
1 day max flow,CVS,1981,-0.709961454994037,-0.402541002958919,-0.095798895715877,ESU
1 day max flow,CVS,1982,0.597679409271615,0.905393880310182,1.21203001952035,ESU
1 day max flow,CVS,1983,1.06042162812817,1.3697432747667,1.67674505983369,ESU
1 day max flow,CVS,1984,0.279107564615677,0.586837374576681,0.893481729606855,ESU
1 day max flow,CVS,1985,-1.00176223621966,-0.694833330599844,-0.387642736557099,ESU
1 day max flow,CVS,1986,1.81155941139495,2.11878129046041,2.42717330514903,ESU
1 day max flow,CVS,1987,-0.902698845367079,-0.595782566768169,-0.288667620817847,ESU
1 day max flow,CVS,1988,-1.02454221422271,-0.717437373465307,-0.410516065229321,ESU
1 day max flow,CVS,1989,-0.497873781812097,-0.19101183029055,0.116197013118286,ESU
1 day max flow,CVS,1990,-1.2541927463758,-0.947254246527695,-0.640150369367075,ESU
1 day max flow,CVS,1991,-1.10404861263026,-0.797307380111063,-0.489738913455923,ESU
1 day max flow,CVS,1992,-0.862542619473135,-0.555703827996295,-0.248447333743795,ESU
1 day max flow,CVS,1993,-0.0511064401673469,0.256064695915608,0.562979708833093,ESU
1 day max flow,CVS,1994,-1.44290143960944,-1.13618948274309,-0.82851210727432,ESU
1 day max flow,CVS,1995,0.765568312447895,1.07306851901948,1.37988822031915,ESU
1 day max flow,CVS,1996,-0.207276366068044,0.0998610020561402,0.406756021413885,ESU
1 day max flow,CVS,1997,1.93909314910554,2.24699551905614,2.55870559866788,ESU
1 day max flow,CVS,1998,0.525848261557929,0.83405999757714,1.14083997840981,ESU
1 day max flow,CVS,1999,-0.297527138656536,0.00962104892110752,0.316509532169521,ESU
1 day max flow,CVS,2000,-0.160076373101071,0.146852218722626,0.453946227582899,ESU
1 day max flow,CVS,2001,-0.846804653878651,-0.539883939370608,-0.232738532981096,ESU
1 day max flow,CVS,2002,-0.505645700556178,-0.198056649769737,0.108643371205309,ESU
1 day max flow,CVS,2003,-0.197942719725959,0.109296156438052,0.416210560640529,ESU
1 day max flow,CVS,2004,0.0231885055847123,0.330246713419864,0.63735613382689,ESU
1 day max flow,CVS,2005,-0.329143439836784,-0.0208544098027367,0.285764551328749,ESU
1 day max flow,CVS,2006,0.912887805639351,1.22082367885394,1.52755304403728,ESU
1 day max flow,CVS,2007,-0.934411720121668,-0.627420744654607,-0.320391188381283,ESU
1 day max flow,CVS,2008,-0.960478539473742,-0.653366179518438,-0.346452279723747,ESU
1 day max flow,CVS,2009,-0.787600350887185,-0.480927562534259,-0.173320100514648,ESU
1 day max flow,CVS,2010,-0.714842511826327,-0.407760286769988,-0.100823343969565,ESU
1 day max flow,CVS,2011,-0.220127877556635,0.0875034912270268,0.39415218103838,ESU
1 day max flow,CVS,2012,-0.934572868815348,-0.627638714561995,-0.320451467733322,ESU
1 day max flow,CVS,2013,-0.307479307413726,-8.22E-04,0.306849629630335,ESU
1 day max flow,CVS,2014,-1.28625912641981,-0.979417448718511,-0.672208602950317,ESU
1 day max flow,CVS,2015,-0.176113039571639,0.131581850340866,0.438440147656263,ESU
1 day max flow,CVS,2016,-0.290521069992187,0.0165753277702898,0.323503848727731,ESU
1 day max flow,CVS,2017,0.841881636207197,1.14873175581306,1.45696557887178,ESU
1 day max flow,CVS,2018,-0.593555794663968,-0.286272509332359,0.0205269837975374,ESU
1 day max flow,CVS,2019,0.307981020800554,0.615148517831506,0.922066302450778,ESU
1 day max flow,CVS,2020,-1.38881270785976,-1.08204235690284,-0.774628414162809,ESU
1 day max flow,CVS,2021,-1.76781462988052,-1.46110501115142,-1.15288714862608,ESU
1 day max flow,CVS,2022,-1.04510180381607,-0.738288278507775,-0.430928647042305,ESU
1 day max flow,CVS,2023,-0.0306435176175252,0.276749589714521,0.583504591295551,ESU
1 day max flow,CVS,2024,-0.402904581773416,-0.0959267506616913,0.211133479093252,ESU
1 day max flow,CVS,2025,0.346883591404868,0.653927211434903,0.961446752487947,ESU
1 day max flow,SRS,1981,-0.244296620656666,0.0464804258492009,0.337197545491162,ESU
1 day max flow,SRS,1982,0.869470039950712,1.16023250555281,1.45096510274842,ESU
1 day max flow,SRS,1983,0.557366157009504,0.848265137742315,1.13901895907716,ESU
1 day max flow,SRS,1984,0.647974291142507,0.938710647874402,1.22949939784879,ESU
1 day max flow,SRS,1985,-0.885593552651046,-0.594859538926427,-0.30410184790579,ESU
1 day max flow,SRS,1986,1.13627947724731,1.42707117253378,1.71780941412601,ESU
1 day max flow,SRS,1987,-1.44948501532914,-1.15877481831181,-0.867960850700845,ESU
1 day max flow,SRS,1988,-1.44286645670477,-1.1520787890007,-0.861298718939699,ESU
1 day max flow,SRS,1989,-0.994707573841846,-0.703997297069071,-0.413214249014157,ESU
1 day max flow,SRS,1990,-1.40294844552312,-1.11221092410416,-0.821462267161456,ESU
1 day max flow,SRS,1991,-0.851948380147355,-0.56124478753478,-0.270347271510697,ESU
1 day max flow,SRS,1992,-1.71964449130448,-1.42891494965118,-1.13815399330786,ESU
1 day max flow,SRS,1993,-0.196330282916262,0.0944203838736114,0.385176292632057,ESU
1 day max flow,SRS,1994,-1.52304261982074,-1.23234477626525,-0.94153105220842,ESU
1 day max flow,SRS,1995,0.0231586851835335,0.31393017724988,0.604647788564623,ESU
1 day max flow,SRS,1996,1.14283967460464,1.43378411476339,1.72467037255412,ESU
1 day max flow,SRS,1997,1.43805036416571,1.72905947921186,2.01989286419094,ESU
1 day max flow,SRS,1998,-0.255473301951552,0.0353072142763809,0.326279209628165,ESU
1 day max flow,SRS,1999,0.35914016793822,0.650030615269091,0.940777810798108,ESU
1 day max flow,SRS,2000,-1.10178927715299,-0.811009107133934,-0.520254352994159,ESU
1 day max flow,SRS,2001,-1.49907474662334,-1.20834042480241,-0.917555406245532,ESU
1 day max flow,SRS,2002,-0.535997588468594,-0.245324194035963,0.045526252881069,ESU
1 day max flow,SRS,2003,0.444692295741977,0.735835405705154,1.02686315542169,ESU
1 day max flow,SRS,2004,-1.18448092470001,-0.893779392891894,-0.602984994695683,ESU
1 day max flow,SRS,2005,-0.765112910840096,-0.474310624189472,-0.183572665819273,ESU
1 day max flow,SRS,2006,0.818374374487454,1.10925154879192,1.39995937270323,ESU
1 day max flow,SRS,2007,-1.25400242668791,-0.963147404359565,-0.672346274754501,ESU
1 day max flow,SRS,2008,0.376710444586957,0.667745693949585,0.958649778890934,ESU
1 day max flow,SRS,2009,0.303413549799606,0.594225115658654,0.884995632098934,ESU
1 day max flow,SRS,2010,0.865679630780184,1.15650880696364,1.44742401324042,ESU
1 day max flow,SRS,2011,0.473090657319755,0.763789513888992,1.05458707477591,ESU
1 day max flow,SRS,2012,0.151792922126414,0.442652397555804,0.733315281613387,ESU
1 day max flow,SRS,2013,-0.752209546899128,-0.461237364477139,-0.170420897424291,ESU
1 day max flow,SRS,2014,-0.154284862697973,0.136453633756568,0.427238312185346,ESU
1 day max flow,SRS,2015,-1.41928762131982,-1.12848512014498,-0.837646603192319,ESU
1 day max flow,SRS,2016,-0.682169143752351,-0.391334788757973,-0.100636943502606,ESU
1 day max flow,SRS,2017,1.15730113690742,1.44811670947846,1.7388635421056,ESU
1 day max flow,SRS,2018,-0.203303454209328,0.0874759475996064,0.378262101470837,ESU
1 day max flow,SRS,2019,-0.186896429398207,0.10387211680218,0.394726912083318,ESU
1 day max flow,SRS,2020,-0.25375592527774,0.0368895545753975,0.327805102427949,ESU
1 day max flow,SRS,2021,-1.37337471246216,-1.08269557564253,-0.791832072168372,ESU
1 day max flow,SRS,2022,0.230358203243513,0.521046356061126,0.811893593049291,ESU
1 day max flow,SRS,2023,0.0434937932588579,0.334361670593577,0.625167302694917,ESU
1 day max flow,SRS,2024,-1.01509620400758,-0.724328053056651,-0.433591546686333,ESU
1 day max flow,SRS,2025,-0.777939938006032,-0.487099384885827,-0.196367951577671,ESU
1 day max flow,CVF,1981,-0.680272109839698,-0.409041691222452,-0.138618414199879,ESU
1 day max flow,CVF,1982,0.617306430735366,0.888056745875347,1.15910376702931,ESU
1 day max flow,CVF,1983,1.28131351327429,1.55170307352389,1.82508082782439,ESU
1 day max flow,CVF,1984,0.293023269008337,0.566922730532967,0.837452871988148,ESU
1 day max flow,CVF,1985,-0.824763763106027,-0.554072925152846,-0.283180003536609,ESU
1 day max flow,CVF,1986,1.32621019799535,1.59708888939997,1.86897561325321,ESU
1 day max flow,CVF,1987,-0.745183379313089,-0.473773765404885,-0.203400909368678,ESU
1 day max flow,CVF,1988,-0.802943536863278,-0.531396995053361,-0.261017560597735,ESU
1 day max flow,CVF,1989,-0.771025064671261,-0.500222388907725,-0.229325310600659,ESU
1 day max flow,CVF,1990,-1.03632431690922,-0.765324166568426,-0.494630491702287,ESU
1 day max flow,CVF,1991,-0.845212501909124,-0.573836559864951,-0.303210084232416,ESU
1 day max flow,CVF,1992,-0.777763035130679,-0.507189352434297,-0.236111763633764,ESU
1 day max flow,CVF,1993,0.0225093268552595,0.292941017848426,0.566197714237383,ESU
1 day max flow,CVF,1994,-1.05621088215218,-0.784498495216336,-0.513941482424721,ESU
1 day max flow,CVF,1995,0.979033000267952,1.25050018571084,1.52375334887672,ESU
1 day max flow,CVF,1996,-0.134560239699278,0.137428131096496,0.407658418893604,ESU
1 day max flow,CVF,1997,2.09405838548864,2.36783576726823,2.6382994718217,ESU
1 day max flow,CVF,1998,0.773710635149331,1.04495659700043,1.3154034797166,ESU
1 day max flow,CVF,1999,-0.274736895848032,-0.00291351088755306,0.267402977002548,ESU
1 day max flow,CVF,2000,-0.192136649516572,0.078876838355875,0.349498558210469,ESU
1 day max flow,CVF,2001,-0.664054059515628,-0.393363755100749,-0.122061752389157,ESU
1 day max flow,CVF,2002,-0.581174588181887,-0.310387332252498,-0.0396128218150308,ESU
1 day max flow,CVF,2003,-0.39328420721591,-0.122935569830511,0.14935865185336,ESU
1 day max flow,CVF,2004,-0.283605026418148,-0.0129770775710178,0.259421579931918,ESU
1 day max flow,CVF,2005,-0.203544224382893,0.0672136919529098,0.338213764917238,ESU
1 day max flow,CVF,2006,0.687529955374037,0.958370087980488,1.22973288071933,ESU
1 day max flow,CVF,2007,-0.846648337242126,-0.575615189812674,-0.305080573173875,ESU
1 day max flow,CVF,2008,-0.836167150476948,-0.565651722441385,-0.294437656301529,ESU
1 day max flow,CVF,2009,-0.819845581503897,-0.549156498470232,-0.278336132063385,ESU
1 day max flow,CVF,2010,-0.641124662510576,-0.37013753436915,-0.0995218470006078,ESU
1 day max flow,CVF,2011,-0.0907606493007515,0.180833735169599,0.451199072001974,ESU
1 day max flow,CVF,2012,-0.850845089431978,-0.579920148824114,-0.309300389431605,ESU
1 day max flow,CVF,2013,-0.563055627525624,-0.292335352501302,-0.0212737835576649,ESU
1 day max flow,CVF,2014,-1.04802945010971,-0.776953675196004,-0.506345792700452,ESU
1 day max flow,CVF,2015,-0.539978015533211,-0.269437900385966,0.00283521987010582,ESU
1 day max flow,CVF,2016,-0.51561715047147,-0.244720017865977,0.0261061774163861,ESU
1 day max flow,CVF,2017,0.764149793992029,1.03787824839269,1.30840308177267,ESU
1 day max flow,CVF,2018,-0.650733842507092,-0.379607403212281,-0.109128869094424,ESU
1 day max flow,CVF,2019,0.0910446703794327,0.362075002259552,0.633071070913744,ESU
1 day max flow,CVF,2020,-1.05670462473572,-0.785119704918413,-0.514693294661688,ESU
1 day max flow,CVF,2021,-1.32568489737365,-1.05477310936537,-0.783247194880291,ESU
1 day max flow,CVF,2022,-0.914836806455513,-0.644399952722318,-0.373097489052034,ESU
1 day max flow,CVF,2023,0.420681654788005,0.691266154137713,0.965464954274795,ESU
1 day max flow,CVF,2024,-0.469694759465895,-0.198713847427335,0.0718730744540428,ESU
1 day max flow,CVF,2025,-0.116491987457451,0.154513840509898,0.427590615810156,ESU
1 day max flow,SRF,1981,-0.198395773481088,0.177892228897694,0.553736031815214,ESU
1 day max flow,SRF,1982,0.332283071646609,0.709316344717912,1.08501177229954,ESU
1 day max flow,SRF,1983,-0.327819498267177,0.050432347148714,0.426610417551712,ESU
1 day max flow,SRF,1984,0.492169588408066,0.867872743449049,1.24446031757988,ESU
1 day max flow,SRF,1985,-0.799394839472963,-0.4233894680484,-0.0475858754225903,ESU
1 day max flow,SRF,1986,0.370965056181149,0.750450485568761,1.12727304486919,ESU
1 day max flow,SRF,1987,-1.39353348180113,-1.01782419239216,-0.641158864623608,ESU
1 day max flow,SRF,1988,-1.48910875161279,-1.11339445817338,-0.736860671668363,ESU
1 day max flow,SRF,1989,-0.844539972910106,-0.46880801341206,-0.0926459008082756,ESU
1 day max flow,SRF,1990,-0.972071083739964,-0.595756981387034,-0.217243222615802,ESU
1 day max flow,SRF,1991,-0.922740175643908,-0.546747860563047,-0.170926585333641,ESU
1 day max flow,SRF,1992,-1.8900744991937,-1.51425358818477,-1.13808472536832,ESU
1 day max flow,SRF,1993,-0.137391933177491,0.238357903817909,0.614533143403096,ESU
1 day max flow,SRF,1994,-1.57176569500086,-1.19588539244964,-0.819989032602631,ESU
1 day max flow,SRF,1995,-0.376702830725553,0.00206984248793176,0.378865867982779,ESU
1 day max flow,SRF,1996,1.44240912619167,1.82181972245415,2.19863390091782,ESU
1 day max flow,SRF,1997,1.33112797207853,1.70870588369691,2.08496320239932,ESU
1 day max flow,SRF,1998,-0.40625484705239,-0.0280485323323172,0.348006941953935,ESU
1 day max flow,SRF,1999,-0.138119832163661,0.237931980062031,0.61422817676651,ESU
1 day max flow,SRF,2000,-1.2583587701554,-0.882060240072783,-0.506370520637756,ESU
1 day max flow,SRF,2001,-1.4477803762128,-1.07211207073077,-0.695816424474384,ESU
1 day max flow,SRF,2002,-0.386550533432298,-0.0107481986830165,0.365553324663047,ESU
1 day max flow,SRF,2003,0.325153145003497,0.701774208779959,1.0802345804717,ESU
1 day max flow,SRF,2004,-0.612251643057599,-0.236254896715492,0.141618014596196,ESU
1 day max flow,SRF,2005,-0.984815098903592,-0.607911251514177,-0.232218230871397,ESU
1 day max flow,SRF,2006,0.0195294715248731,0.396215474537768,0.772057620600578,ESU
1 day max flow,SRF,2007,-1.48574877354933,-1.10989805531108,-0.733907136342112,ESU
1 day max flow,SRF,2008,0.433862260721213,0.809585758920976,1.18637079356947,ESU
1 day max flow,SRF,2009,-0.0738796733586719,0.30195349282418,0.677962400581826,ESU
1 day max flow,SRF,2010,0.401635315783294,0.782771104425253,1.1608533567038,ESU
1 day max flow,SRF,2011,0.718811515182337,1.09626779963094,1.47666360174301,ESU
1 day max flow,SRF,2012,0.0743181676028047,0.450101359459717,0.826167134626817,ESU
1 day max flow,SRF,2013,-0.66537590838831,-0.289702268311202,0.0868561610220789,ESU
1 day max flow,SRF,2014,-0.0977211995916506,0.278491195657882,0.65443905525197,ESU
1 day max flow,SRF,2015,-1.64108107656525,-1.26430030003239,-0.888614514683448,ESU
1 day max flow,SRF,2016,-0.864993974268665,-0.489001837441407,-0.113068280642804,ESU
1 day max flow,SRF,2017,0.75931481776666,1.13568485590927,1.51335081826688,ESU
1 day max flow,SRF,2018,-0.171049054579961,0.206692638324621,0.58738237290702,ESU
1 day max flow,SRF,2019,0.877383057113921,1.25359016168123,1.63097182514181,ESU
1 day max flow,SRF,2020,-0.0980159317021156,0.281210115310976,0.658041923842759,ESU
1 day max flow,SRF,2021,-1.51950721685713,-1.14381588659348,-0.767612104578393,ESU
1 day max flow,SRF,2022,0.626582942483405,1.00504786337464,1.38677955540396,ESU
1 day max flow,SRF,2023,-0.194328638263119,0.182517389193465,0.558315167491069,ESU
1 day max flow,SRF,2024,-1.08542964667134,-0.709419553958951,-0.333110090040968,ESU
1 day max flow,SRF,2025,-1.10420661449202,-0.727355243501575,-0.351639566023683,ESU
1 day max flow,CAC,1981,-0.764811703937682,-0.545410159979094,-0.326202281429944,ESU
1 day max flow,CAC,1982,0.865545441586221,1.08483008828462,1.30413901805877,ESU
1 day max flow,CAC,1983,0.967754213277595,1.18767392233939,1.40665443715809,ESU
1 day max flow,CAC,1984,-0.141908630901256,0.077238204991217,0.29733813542851,ESU
1 day max flow,CAC,1985,-0.608211585863782,-0.38878920588779,-0.169613038793346,ESU
1 day max flow,CAC,1986,1.81181626648095,2.0314760850118,2.25089778524252,ESU
1 day max flow,CAC,1987,-1.10192627777672,-0.882581861722536,-0.663297153777581,ESU
1 day max flow,CAC,1988,-0.48651724639221,-0.267304035261137,-0.0479273441274628,ESU
1 day max flow,CAC,1989,-0.600741003481062,-0.381576361834453,-0.162071264217578,ESU
1 day max flow,CAC,1990,-0.879260966597652,-0.660158589340222,-0.440511243623395,ESU
1 day max flow,CAC,1991,-0.987267498531871,-0.767695564778923,-0.5485584407128,ESU
1 day max flow,CAC,1992,-1.21820935826831,-0.998903217488753,-0.779601968046533,ESU
1 day max flow,CAC,1993,0.559974897282875,0.780479517089871,0.999749529927132,ESU
1 day max flow,CAC,1994,-1.14085492103377,-0.92174412477672,-0.702182276840509,ESU
1 day max flow,CAC,1995,1.54470238517384,1.76440309187299,1.98371991030657,ESU
1 day max flow,CAC,1996,0.0554753651726402,0.274878451958888,0.494893422090293,ESU
1 day max flow,CAC,1997,2.03349128212581,2.25264728368065,2.4740955407847,ESU
1 day max flow,CAC,1998,0.205288364483628,0.424452479109363,0.64397758609407,ESU
1 day max flow,CAC,1999,-0.0337654980544244,0.185657268062778,0.406178049832534,ESU
1 day max flow,CAC,2000,-0.220091981503203,-7.63E-04,0.218490058212776,ESU
1 day max flow,CAC,2001,-1.23753369450753,-1.01824081538998,-0.798911889283817,ESU
1 day max flow,CAC,2002,-0.376300014469476,-0.157058970434966,0.0622861204117386,ESU
1 day max flow,CAC,2003,0.48156850498489,0.7007828234225,0.920338215906631,ESU
1 day max flow,CAC,2004,0.341882300405853,0.561958939669585,0.781011988077826,ESU
1 day max flow,CAC,2005,-0.737975941414938,-0.518640455454293,-0.299397302514062,ESU
1 day max flow,CAC,2006,1.53617332054153,1.75534360121018,1.97497076747803,ESU
1 day max flow,CAC,2007,-0.893603374633075,-0.674391537280666,-0.455001812190181,ESU
1 day max flow,CAC,2008,-0.467283316312968,-0.247452505492703,-0.0283952158915292,ESU
1 day max flow,CAC,2009,-0.797223504254907,-0.57797845769453,-0.358514752635325,ESU
1 day max flow,CAC,2010,-0.676257756604459,-0.456391843726973,-0.237340137058005,ESU
1 day max flow,CAC,2011,-0.391609360831334,-0.172363891838627,0.0470004820617578,ESU
1 day max flow,CAC,2012,-0.539862713527881,-0.320751066460161,-0.101050021262132,ESU
1 day max flow,CAC,2013,0.0304613026076128,0.250506862859013,0.469546898899247,ESU
1 day max flow,CAC,2014,-1.11473965424634,-0.895626623633065,-0.676100959173586,ESU
1 day max flow,CAC,2015,-0.213817731592887,0.00683053000889244,0.225842830994307,ESU
1 day max flow,CAC,2016,-0.355975164308635,-0.135803550398234,0.0831765915231478,ESU
1 day max flow,CAC,2017,0.272455811899363,0.492368797200636,0.711454017201008,ESU
1 day max flow,CAC,2018,-1.05991788644579,-0.840464243955694,-0.621182719595475,ESU
1 day max flow,CAC,2019,0.690646048918019,0.909642189394469,1.12979671060763,ESU
1 day max flow,CAC,2020,-1.36314686180587,-1.14400997214056,-0.924526457671631,ESU
1 day max flow,CAC,2021,-1.39693421845943,-1.17769214781932,-0.958332581214618,ESU
1 day max flow,CAC,2022,-1.16898170428853,-0.949809460627003,-0.730378873419664,ESU
1 day max flow,CAC,2023,-0.134357602270564,0.0926654010386497,0.319666315424488,ESU
1 day max flow,CAC,2024,-0.270022396519233,-0.0430141430279686,0.184419571556874,ESU
1 day max flow,CAC,2025,0.0727731906532323,0.299917413272977,0.526834195405045,ESU
1 day max flow,SNC,1981,-0.593178085972927,-0.331318212339086,-0.0693549895655314,ESU
1 day max flow,SNC,1982,0.963761352968054,1.22572256767295,1.48775183540147,ESU
1 day max flow,SNC,1983,1.03536226232907,1.29725268100348,1.55965294482102,ESU
1 day max flow,SNC,1984,0.136642223189491,0.398433745419399,0.660441228390455,ESU
1 day max flow,SNC,1985,-0.445361546374296,-0.183528519397473,0.0784608745106246,ESU
1 day max flow,SNC,1986,0.47061411536059,0.732358567980262,0.994732024893647,ESU
1 day max flow,SNC,1987,-0.807470470686626,-0.545584988863288,-0.283686278966342,ESU
1 day max flow,SNC,1988,-0.737634684037542,-0.475721244957173,-0.213837807140536,ESU
1 day max flow,SNC,1989,-0.179345337682657,0.0824962043559287,0.344556698186642,ESU
1 day max flow,SNC,1990,-0.676045128562926,-0.414309351508613,-0.152189216805579,ESU
1 day max flow,SNC,1991,-0.9856859104002,-0.723962924287106,-0.461866815481208,ESU
1 day max flow,SNC,1992,-1.49477298891429,-1.23272066021308,-0.970948583397249,ESU
1 day max flow,SNC,1993,-0.356380799262033,-0.0946220990831239,0.167425746006242,ESU
1 day max flow,SNC,1994,-1.44263313505469,-1.18079986788191,-0.918848836171978,ESU
1 day max flow,SNC,1995,-0.15016296431143,0.111430623935418,0.373747633165777,ESU
1 day max flow,SNC,1996,0.00167142455160346,0.263551012922246,0.525516243090813,ESU
1 day max flow,SNC,1997,3.28952721002371,3.55111782055484,3.81353008755504,ESU
1 day max flow,SNC,1998,0.00828059805479974,0.270252218496789,0.532100866008593,ESU
1 day max flow,SNC,1999,0.435992688423835,0.698038773334311,0.959968838163259,ESU
1 day max flow,SNC,2000,-0.104722646408023,0.157181932083218,0.419290355285098,ESU
1 day max flow,SNC,2001,-1.86095280098211,-1.59901225934313,-1.33716633631164,ESU
1 day max flow,SNC,2002,-0.979202603225932,-0.71725071417932,-0.455405514264984,ESU
1 day max flow,SNC,2003,-0.170534773692201,0.0917715589635206,0.353623264321582,ESU
1 day max flow,SNC,2004,-0.345868363241316,-0.0836533153865108,0.178111526155204,ESU
1 day max flow,SNC,2005,-0.210209153808213,0.0518565136972844,0.313608017768275,ESU
1 day max flow,SNC,2006,1.23934877338311,1.5016202438363,1.76324299034107,ESU
1 day max flow,SNC,2007,-0.0323653472342039,0.229341944133242,0.491569772494652,ESU
1 day max flow,SNC,2008,-0.91389132977328,-0.651923730782325,-0.390080289137556,ESU
1 day max flow,SNC,2009,-0.176146342710952,0.086017885617251,0.34771569153779,ESU
1 day max flow,SNC,2010,-0.800897730867476,-0.538851856540686,-0.277021899028232,ESU
1 day max flow,SNC,2011,-0.712306476225334,-0.450308760733772,-0.188507585067944,ESU
1 day max flow,SNC,2012,-0.00583347287565994,0.256336224206905,0.518135545467817,ESU
1 day max flow,SNC,2013,0.0307687416771418,0.293305248695773,0.555217372630465,ESU
1 day max flow,SNC,2014,-0.611029742952212,-0.34902030000898,-0.0872005247707231,ESU
1 day max flow,SNC,2015,0.068798301116022,0.331321677001012,0.593136793235277,ESU
1 day max flow,SNC,2016,0.0912919325768178,0.353254850275365,0.615316135546159,ESU
1 day max flow,SNC,2017,0.323975179867219,0.586133877634576,0.847883476797012,ESU
1 day max flow,SNC,2018,-1.51226001574912,-1.25039663376931,-0.988478304055633,ESU
1 day max flow,SNC,2019,0.643963223012971,0.906307533070975,1.16798148270491,ESU
1 day max flow,SNC,2020,-1.18368063113847,-0.92188755893325,-0.659858182562757,ESU
1 day max flow,SNC,2021,-0.936457034086246,-0.674654229206645,-0.412650632667603,ESU
1 day max flow,SNC,2022,-1.21201342107368,-0.95018247741559,-0.688218019148829,ESU
1 day max flow,SNC,2023,-0.759307700445912,-0.497534871626088,-0.235450476515536,ESU
1 day max flow,SNC,2024,-0.63891625044295,-0.376805339956446,-0.114717892430673,ESU
1 day max flow,SNC,2025,0.507126111658458,0.768945877191214,1.03091557992501,ESU
