PORT_GEO_ID2,NWFSC_PORT_NAME,STATE,Engagement,Reliance,PACFIN_YEAR,PRIMARY_LATITUDE,PRIMARY_LONGITUDE,REGION,top_5_e,top_5_r
649488,Moss Landing,CA,3.2652485581558577,19.996312981592386,2009,36.8015242,-121.7872157,CCA,Top 5 Engagement Community,Top 5 Reliance Community
667000,San Francisco,CA,3.1669515984696073,-0.1292516266319748,2009,37.7782251,-122.4424955,CCA,Top 5 Engagement Community,NA
631708,Princeton / Half Moon Bay,CA,3.1276257644357353,0.46560697313074256,2009,37.4686953,-122.4381236,CCA,Top 5 Engagement Community,NA
649362,Morro Bay,CA,2.4402175462236126,0.40730116889551293,2009,35.366239,-120.8662381,CCA,Top 5 Engagement Community,NA
648872,Monterey,CA,2.3787321721578247,0.03112413722567594,2009,36.6012789,-121.8829434,CCA,Top 5 Engagement Community,NA
631708,Princeton / Half Moon Bay,CA,4.340693098266724,0.3233089291082445,2010,37.4686953,-122.4381236,CCA,Top 5 Engagement Community,NA
667000,San Francisco,CA,4.258571999127613,-0.11515968637232962,2010,37.7782251,-122.4424955,CCA,Top 5 Engagement Community,NA
607260,Bodega Bay,CA,3.465207685829359,5.729602181568338,2010,38.3202278,-123.0324159,CCA,Top 5 Engagement Community,Top 5 Reliance Community
649488,Moss Landing,CA,3.212035348857622,24.23621304044776,2010,36.8015242,-121.7872157,CCA,Top 5 Engagement Community,Top 5 Reliance Community
648872,Monterey,CA,2.759688126359687,0.01803439204114361,2010,36.6012789,-121.8829434,CCA,Top 5 Engagement Community,NA
667000,San Francisco,CA,4.842378588436249,-0.1143268935107321,2011,37.7782251,-122.4424955,CCA,Top 5 Engagement Community,NA
631708,Princeton / Half Moon Bay,CA,4.54431678965482,0.46141206912459753,2011,37.4686953,-122.4381236,CCA,Top 5 Engagement Community,NA
607260,Bodega Bay,CA,3.898401282028652,7.609151255648874,2011,38.3202278,-123.0324159,CCA,Top 5 Engagement Community,Top 5 Reliance Community
648872,Monterey,CA,3.2050886452263505,0.05515333475120189,2011,36.6012789,-121.8829434,CCA,Top 5 Engagement Community,NA
649488,Moss Landing,CA,2.865390583680674,21.088797229301804,2011,36.8015242,-121.7872157,CCA,Top 5 Engagement Community,Top 5 Reliance Community
631708,Princeton / Half Moon Bay,CA,5.677869329132133,0.6546002608993959,2012,37.4686953,-122.4381236,CCA,Top 5 Engagement Community,NA
607260,Bodega Bay,CA,4.333770458623611,8.34583662779672,2012,38.3202278,-123.0324159,CCA,Top 5 Engagement Community,Top 5 Reliance Community
667000,San Francisco,CA,3.9375130765000383,-0.11254940540039166,2012,37.7782251,-122.4424955,CCA,Top 5 Engagement Community,NA
649488,Moss Landing,CA,3.5245131552147737,23.382642951566822,2012,36.8015242,-121.7872157,CCA,Top 5 Engagement Community,Top 5 Reliance Community
649362,Morro Bay,CA,3.1013022359689972,0.28945233367961964,2012,35.366239,-120.8662381,CCA,Top 5 Engagement Community,NA
631708,Princeton / Half Moon Bay,CA,5.438458315563912,0.5292780359673811,2013,37.4686953,-122.4381236,CCA,Top 5 Engagement Community,NA
667000,San Francisco,CA,4.455632654026013,-0.12323234087907696,2013,37.7782251,-122.4424955,CCA,Top 5 Engagement Community,NA
607260,Bodega Bay,CA,3.6790631933734343,9.49332365384202,2013,38.3202278,-123.0324159,CCA,Top 5 Engagement Community,Top 5 Reliance Community
648872,Monterey,CA,3.27714219405147,0.0477960854046337,2013,36.6012789,-121.8829434,CCA,Top 5 Engagement Community,NA
649362,Morro Bay,CA,2.7037483243520706,0.23373272563240263,2013,35.366239,-120.8662381,CCA,Top 5 Engagement Community,NA
648872,Monterey,CA,6.264406926080203,0.1439518885845368,2014,36.6012789,-121.8829434,CCA,Top 5 Engagement Community,NA
667000,San Francisco,CA,5.805606334775616,-0.10210135265776137,2014,37.7782251,-122.4424955,CCA,Top 5 Engagement Community,NA
631708,Princeton / Half Moon Bay,CA,5.47130320815395,0.47089287018893367,2014,37.4686953,-122.4381236,CCA,Top 5 Engagement Community,NA
649488,Moss Landing,CA,5.099928534314657,28.672730859003643,2014,36.8015242,-121.7872157,CCA,Top 5 Engagement Community,Top 5 Reliance Community
607260,Bodega Bay,CA,4.180835380034228,8.944697487778816,2014,38.3202278,-123.0324159,CCA,Top 5 Engagement Community,Top 5 Reliance Community
649488,Moss Landing,CA,4.543279394944312,29.26869594822302,2015,36.8015242,-121.7872157,CCA,Top 5 Engagement Community,Top 5 Reliance Community
631708,Princeton / Half Moon Bay,CA,4.4807242813509225,0.3743411211900336,2015,37.4686953,-122.4381236,CCA,Top 5 Engagement Community,NA
648872,Monterey,CA,3.9793716135064,0.0461443271470456,2015,36.6012789,-121.8829434,CCA,Top 5 Engagement Community,NA
667000,San Francisco,CA,3.733886710074477,-0.1055140535660502,2015,37.7782251,-122.4424955,CCA,Top 5 Engagement Community,NA
649362,Morro Bay,CA,3.356133190625834,0.33749514413826903,2015,35.366239,-120.8662381,CCA,Top 5 Engagement Community,NA
631708,Princeton / Half Moon Bay,CA,5.437995745277611,0.4548062772269014,2016,37.4686953,-122.4381236,CCA,Top 5 Engagement Community,NA
667000,San Francisco,CA,5.380207275667015,-0.10371590884276356,2016,37.7782251,-122.4424955,CCA,Top 5 Engagement Community,NA
607260,Bodega Bay,CA,4.232619395803199,8.962526420689336,2016,38.3202278,-123.0324159,CCA,Top 5 Engagement Community,Top 5 Reliance Community
649362,Morro Bay,CA,2.7215702742333887,0.23019022114570648,2016,35.366239,-120.8662381,CCA,Top 5 Engagement Community,NA
648872,Monterey,CA,2.4512019156416907,0.00966380699223272,2016,36.6012789,-121.8829434,CCA,Top 5 Engagement Community,NA
631708,Princeton / Half Moon Bay,CA,5.2084282914622655,0.2441746221720903,2017,37.4686953,-122.4381236,CCA,Top 5 Engagement Community,NA
607260,Bodega Bay,CA,4.205769188334669,5.917179193151452,2017,38.3202278,-123.0324159,CCA,Top 5 Engagement Community,Top 5 Reliance Community
667000,San Francisco,CA,3.912944067759512,-0.08904385272277471,2017,37.7782251,-122.4424955,CCA,Top 5 Engagement Community,NA
649362,Morro Bay,CA,3.087418898979911,0.1807605351916651,2017,35.366239,-120.8662381,CCA,Top 5 Engagement Community,NA
648872,Monterey,CA,2.5274309366177565,0.00336857512619755,2017,36.6012789,-121.8829434,CCA,Top 5 Engagement Community,NA
631708,Princeton / Half Moon Bay,CA,4.876890837801529,0.1493279681503729,2018,37.4686953,-122.4381236,CCA,Top 5 Engagement Community,NA
667000,San Francisco,CA,3.800158693300391,-0.06993645228948796,2018,37.7782251,-122.4424955,CCA,Top 5 Engagement Community,NA
649488,Moss Landing,CA,3.7558002415662832,33.26208798306942,2018,36.8015242,-121.7872157,CCA,Top 5 Engagement Community,Top 5 Reliance Community
648872,Monterey,CA,3.5700329004795286,0.00810995928244597,2018,36.6012789,-121.8829434,CCA,Top 5 Engagement Community,NA
607260,Bodega Bay,CA,3.5045343724560594,3.0364545428894876,2018,38.3202278,-123.0324159,CCA,Top 5 Engagement Community,Top 5 Reliance Community
631708,Princeton / Half Moon Bay,CA,4.814687219100391,0.14577648346733882,2019,37.4686953,-122.4381236,CCA,Top 5 Engagement Community,NA
667000,San Francisco,CA,4.074300790602898,-0.07131014596968943,2019,37.7782251,-122.4424955,CCA,Top 5 Engagement Community,NA
607260,Bodega Bay,CA,3.817942010880411,3.5462351846479785,2019,38.3202278,-123.0324159,CCA,Top 5 Engagement Community,Top 5 Reliance Community
649488,Moss Landing,CA,2.570866060253921,32.144823161844,2019,36.8015242,-121.7872157,CCA,Top 5 Engagement Community,Top 5 Reliance Community
669112,Santa Cruz,CA,2.454805392566825,-0.05016322322562447,2019,36.973381,-122.0355319,CCA,Top 5 Engagement Community,NA
631708,Princeton / Half Moon Bay,CA,5.066848318999437,0.07266633891502039,2020,37.4686953,-122.4381236,CCA,Top 5 Engagement Community,NA
607260,Bodega Bay,CA,4.270186474867524,1.3201142284866594,2020,38.3202278,-123.0324159,CCA,Top 5 Engagement Community,Top 5 Reliance Community
648872,Monterey,CA,3.6788429253307906,-0.00658040284439599,2020,36.6012789,-121.8829434,CCA,Top 5 Engagement Community,NA
649488,Moss Landing,CA,3.2729118946195817,33.856642772484015,2020,36.8015242,-121.7872157,CCA,Top 5 Engagement Community,Top 5 Reliance Community
667000,San Francisco,CA,2.974979002408263,-0.05323128747144479,2020,37.7782251,-122.4424955,CCA,Top 5 Engagement Community,NA
631708,Princeton / Half Moon Bay,CA,5.320303618857205,0.01461881557894859,2021,37.4686953,-122.4381236,CCA,Top 5 Engagement Community,NA
607260,Bodega Bay,CA,3.970693546598653,0.7934242319609706,2021,38.3202278,-123.0324159,CCA,Top 5 Engagement Community,Top 5 Reliance Community
648872,Monterey,CA,3.820940470101222,-0.02459423826327129,2021,36.6012789,-121.8829434,CCA,Top 5 Engagement Community,NA
649488,Moss Landing,CA,3.30740791522388,33.768795019022505,2021,36.8015242,-121.7872157,CCA,Top 5 Engagement Community,Top 5 Reliance Community
669112,Santa Cruz,CA,3.276254510594979,-0.03962198710748577,2021,36.973381,-122.0355319,CCA,Top 5 Engagement Community,NA
631708,Princeton / Half Moon Bay,CA,4.315394969278643,0.00922807857693715,2022,37.4686953,-122.4381236,CCA,Top 5 Engagement Community,NA
667000,San Francisco,CA,3.7063141038614433,-0.04871624796021633,2022,37.7782251,-122.4424955,CCA,Top 5 Engagement Community,NA
669112,Santa Cruz,CA,3.678995770684815,-0.03461335406515559,2022,36.973381,-122.0355319,CCA,Top 5 Engagement Community,NA
607260,Bodega Bay,CA,3.522904165865826,0.5160496168178377,2022,38.3202278,-123.0324159,CCA,Top 5 Engagement Community,Top 5 Reliance Community
648872,Monterey,CA,2.353988103849592,-0.03108640382151309,2022,36.6012789,-121.8829434,CCA,Top 5 Engagement Community,NA
617022,Crescent City,CA,6.768778773820187,3.6022658641904624,2009,41.7543684,-124.1993251,NCA,Top 5 Engagement Community,Top 5 Reliance Community
623042,Eureka,CA,4.651490559646282,0.26269393728686774,2009,40.7941276,-124.15685619999999,NCA,Top 5 Engagement Community,Top 5 Reliance Community
625058,Fort Bragg,CA,3.524797574102661,0.9799158815801396,2009,39.4397296,-123.8015298,NCA,Top 5 Engagement Community,Top 5 Reliance Community
680448,Trinidad,CA,1.1537477660019622,9.287512242925477,2009,41.057563,-124.1432761,NCA,Top 5 Engagement Community,Top 5 Reliance Community
644910,Mckinleyville,CA,0.13404216930761065,-0.09236447377114282,2009,40.9486998,-124.0856456,NCA,Top 5 Engagement Community,NA
617022,Crescent City,CA,5.541886261380188,0.9318339583731884,2010,41.7543684,-124.1993251,NCA,Top 5 Engagement Community,Top 5 Reliance Community
623042,Eureka,CA,4.073488918595413,0.08660128249064916,2010,40.7941276,-124.15685619999999,NCA,Top 5 Engagement Community,NA
625058,Fort Bragg,CA,3.9781884652222863,0.6350928009272079,2010,39.4397296,-123.8015298,NCA,Top 5 Engagement Community,NA
680448,Trinidad,CA,1.0045950185961905,5.010149618780818,2010,41.057563,-124.1432761,NCA,Top 5 Engagement Community,Top 5 Reliance Community
671372,Shelter Cove,CA,0.38329627922657766,0.812658209774598,2010,40.0389552,-124.0558258,NCA,Top 5 Engagement Community,Top 5 Reliance Community
625058,Fort Bragg,CA,4.568402444360374,0.7719671575814168,2011,39.4397296,-123.8015298,NCA,Top 5 Engagement Community,Top 5 Reliance Community
617022,Crescent City,CA,4.430132332465123,0.6554266884946138,2011,41.7543684,-124.1993251,NCA,Top 5 Engagement Community,NA
623042,Eureka,CA,3.1713053350225913,0.0502290466827656,2011,40.7941276,-124.15685619999999,NCA,Top 5 Engagement Community,NA
680448,Trinidad,CA,0.7674387557006447,4.238253121177536,2011,41.057563,-124.1432761,NCA,Top 5 Engagement Community,Top 5 Reliance Community
671372,Shelter Cove,CA,0.4499147336009165,1.4708072820354767,2011,40.0389552,-124.0558258,NCA,Top 5 Engagement Community,Top 5 Reliance Community
617022,Crescent City,CA,6.135477839936722,1.1450615781257814,2012,41.7543684,-124.1993251,NCA,Top 5 Engagement Community,Top 5 Reliance Community
625058,Fort Bragg,CA,5.01915848578045,0.8471166090958314,2012,39.4397296,-123.8015298,NCA,Top 5 Engagement Community,Top 5 Reliance Community
623042,Eureka,CA,4.939249491877986,0.18258602364878135,2012,40.7941276,-124.15685619999999,NCA,Top 5 Engagement Community,NA
680448,Trinidad,CA,0.6922161574592791,4.333081912554954,2012,41.057563,-124.1432761,NCA,Top 5 Engagement Community,Top 5 Reliance Community
671372,Shelter Cove,CA,0.5303114091463209,1.3208185427043817,2012,40.0389552,-124.0558258,NCA,Top 5 Engagement Community,Top 5 Reliance Community
617022,Crescent City,CA,6.411868484963149,1.1570997718833618,2013,41.7543684,-124.1993251,NCA,Top 5 Engagement Community,Top 5 Reliance Community
625058,Fort Bragg,CA,4.646668551854805,0.750667064553266,2013,39.4397296,-123.8015298,NCA,Top 5 Engagement Community,NA
623042,Eureka,CA,4.592546648720489,0.12417097361353048,2013,40.7941276,-124.15685619999999,NCA,Top 5 Engagement Community,NA
680448,Trinidad,CA,1.1120572096026302,7.679385533711087,2013,41.057563,-124.1432761,NCA,Top 5 Engagement Community,Top 5 Reliance Community
671372,Shelter Cove,CA,0.4245539903962866,1.0446088802570963,2013,40.0389552,-124.0558258,NCA,Top 5 Engagement Community,Top 5 Reliance Community
625058,Fort Bragg,CA,4.885188409430418,0.743595761020859,2014,39.4397296,-123.8015298,NCA,Top 5 Engagement Community,NA
617022,Crescent City,CA,4.712064549953316,0.7032842345857633,2014,41.7543684,-124.1993251,NCA,Top 5 Engagement Community,NA
623042,Eureka,CA,3.881295082131981,0.07091921703478765,2014,40.7941276,-124.15685619999999,NCA,Top 5 Engagement Community,NA
680448,Trinidad,CA,0.8514653979714766,5.394223275166185,2014,41.057563,-124.1432761,NCA,Top 5 Engagement Community,Top 5 Reliance Community
644910,Mckinleyville,CA,0.2929958070950961,-0.07633409037643052,2014,40.9486998,-124.0856456,NCA,Top 5 Engagement Community,NA
625058,Fort Bragg,CA,5.217161689372853,0.8630597193710667,2015,39.4397296,-123.8015298,NCA,Top 5 Engagement Community,Top 5 Reliance Community
617022,Crescent City,CA,4.340517396928696,0.6970793297632558,2015,41.7543684,-124.1993251,NCA,Top 5 Engagement Community,NA
623042,Eureka,CA,3.2226094082264813,0.04793892027848256,2015,40.7941276,-124.15685619999999,NCA,Top 5 Engagement Community,NA
680448,Trinidad,CA,0.4500355178063741,3.697732600894737,2015,41.057563,-124.1432761,NCA,Top 5 Engagement Community,Top 5 Reliance Community
644910,Mckinleyville,CA,0.3372135272070589,-0.07042854806374349,2015,40.9486998,-124.0856456,NCA,Top 5 Engagement Community,NA
617022,Crescent City,CA,6.057061605530595,1.1540853218188305,2016,41.7543684,-124.1993251,NCA,Top 5 Engagement Community,Top 5 Reliance Community
625058,Fort Bragg,CA,4.384462218524046,0.6885792289651789,2016,39.4397296,-123.8015298,NCA,Top 5 Engagement Community,NA
623042,Eureka,CA,3.5866437925879024,0.07639744526064701,2016,40.7941276,-124.15685619999999,NCA,Top 5 Engagement Community,NA
680448,Trinidad,CA,0.7306053985618224,5.3876309496573525,2016,41.057563,-124.1432761,NCA,Top 5 Engagement Community,Top 5 Reliance Community
644910,Mckinleyville,CA,0.3708946218446173,-0.0675678790470536,2016,40.9486998,-124.0856456,NCA,Top 5 Engagement Community,NA
625058,Fort Bragg,CA,4.282737899717198,0.5722534744806228,2017,39.4397296,-123.8015298,NCA,Top 5 Engagement Community,Top 5 Reliance Community
617022,Crescent City,CA,4.266862175031414,0.6643991457360732,2017,41.7543684,-124.1993251,NCA,Top 5 Engagement Community,Top 5 Reliance Community
623042,Eureka,CA,3.4518736234050538,0.05218271587307778,2017,40.7941276,-124.15685619999999,NCA,Top 5 Engagement Community,NA
680448,Trinidad,CA,0.6743329919116865,3.378770730732745,2017,41.057563,-124.1432761,NCA,Top 5 Engagement Community,Top 5 Reliance Community
644910,Mckinleyville,CA,0.3710877824432678,-0.04912638471719982,2017,40.9486998,-124.0856456,NCA,Top 5 Engagement Community,NA
617022,Crescent City,CA,7.239044060545467,0.7640601581721043,2018,41.7543684,-124.1993251,NCA,Top 5 Engagement Community,Top 5 Reliance Community
623042,Eureka,CA,4.77016640253784,0.0523944224694125,2018,40.7941276,-124.15685619999999,NCA,Top 5 Engagement Community,NA
625058,Fort Bragg,CA,4.547897747745082,0.4194895239267388,2018,39.4397296,-123.8015298,NCA,Top 5 Engagement Community,Top 5 Reliance Community
680448,Trinidad,CA,1.098474557040777,2.9460343368627977,2018,41.057563,-124.1432761,NCA,Top 5 Engagement Community,Top 5 Reliance Community
644910,Mckinleyville,CA,0.5048668234486746,-0.03201030617611786,2018,40.9486998,-124.0856456,NCA,Top 5 Engagement Community,NA
617022,Crescent City,CA,6.407326840524661,0.6483245778419249,2019,41.7543684,-124.1993251,NCA,Top 5 Engagement Community,Top 5 Reliance Community
623042,Eureka,CA,4.199929576009855,0.03725793250590296,2019,40.7941276,-124.15685619999999,NCA,Top 5 Engagement Community,NA
625058,Fort Bragg,CA,3.884343312878875,0.28643479113623327,2019,39.4397296,-123.8015298,NCA,Top 5 Engagement Community,Top 5 Reliance Community
680448,Trinidad,CA,0.6452085537143822,1.5571237751430695,2019,41.057563,-124.1432761,NCA,Top 5 Engagement Community,Top 5 Reliance Community
644910,Mckinleyville,CA,0.534642377775291,-0.04596398226551496,2019,40.9486998,-124.0856456,NCA,Top 5 Engagement Community,NA
617022,Crescent City,CA,5.082271137713098,0.3276373470523159,2020,41.7543684,-124.1993251,NCA,Top 5 Engagement Community,Top 5 Reliance Community
625058,Fort Bragg,CA,3.933869856152317,0.19791700597517803,2020,39.4397296,-123.8015298,NCA,Top 5 Engagement Community,Top 5 Reliance Community
623042,Eureka,CA,3.4429066150942313,2.4325034618652083e-5,2020,40.7941276,-124.15685619999999,NCA,Top 5 Engagement Community,NA
644910,Mckinleyville,CA,0.5426540163632511,-0.02790773859623312,2020,40.9486998,-124.0856456,NCA,Top 5 Engagement Community,NA
680448,Trinidad,CA,0.5347148176730891,0.7494837360066022,2020,41.057563,-124.1432761,NCA,Top 5 Engagement Community,Top 5 Reliance Community
617022,Crescent City,CA,5.3030201096205865,0.4062471147217576,2021,41.7543684,-124.1993251,NCA,Top 5 Engagement Community,Top 5 Reliance Community
625058,Fort Bragg,CA,3.71312351901762,0.18208984937207193,2021,39.4397296,-123.8015298,NCA,Top 5 Engagement Community,Top 5 Reliance Community
623042,Eureka,CA,3.5172212374177056,-0.00475217581452974,2021,40.7941276,-124.15685619999999,NCA,Top 5 Engagement Community,NA
680448,Trinidad,CA,0.5127560658785598,0.5919899963136235,2021,41.057563,-124.1432761,NCA,Top 5 Engagement Community,Top 5 Reliance Community
644910,Mckinleyville,CA,0.497812745007971,-0.01615955653974351,2021,40.9486998,-124.0856456,NCA,Top 5 Engagement Community,NA
617022,Crescent City,CA,4.328593630191957,0.23420763329799085,2022,41.7543684,-124.1993251,NCA,Top 5 Engagement Community,Top 5 Reliance Community
625058,Fort Bragg,CA,3.567207565167551,0.10818661355026926,2022,39.4397296,-123.8015298,NCA,Top 5 Engagement Community,Top 5 Reliance Community
623042,Eureka,CA,3.268622101160908,-0.01166799209055023,2022,40.7941276,-124.15685619999999,NCA,Top 5 Engagement Community,NA
644910,Mckinleyville,CA,0.4868957162300487,-0.02728843508291978,2022,40.9486998,-124.0856456,NCA,Top 5 Engagement Community,NA
602476,Arcata,CA,0.2943307028155211,-0.0351207807545167,2022,40.8615353,-124.0757493,NCA,Top 5 Engagement Community,NA
4152450,Newport,OR,13.426222985856112,2.8415337333637396,2009,44.6247052,-124.0523628,OR,Top 5 Engagement Community,Top 5 Reliance Community
4103150,Astoria,OR,13.388984317291314,2.5673679964199128,2009,46.1883779,-123.8104977,OR,Top 5 Engagement Community,Top 5 Reliance Community
4115250,Charleston (Coos Bay),OR,8.334761851741392,1.051150502298508,2009,43.3789233,-124.2329891,OR,Top 5 Engagement Community,NA
4108650,Brookings,OR,4.115700608570085,1.524205536108414,2009,42.0676039,-124.3031135,OR,Top 5 Engagement Community,NA
4159250,Port Orford,OR,2.8847971953829568,5.462120857125452,2009,42.7496349,-124.4974062,OR,Top 5 Engagement Community,Top 5 Reliance Community
4152450,Newport,OR,12.537353038599996,1.7213679785490488,2010,44.6247052,-124.0523628,OR,Top 5 Engagement Community,Top 5 Reliance Community
4103150,Astoria,OR,12.087505043655089,1.853038389804291,2010,46.1883779,-123.8104977,OR,Top 5 Engagement Community,Top 5 Reliance Community
4115250,Charleston (Coos Bay),OR,8.324947008497826,0.6201856718798652,2010,43.3789233,-124.2329891,OR,Top 5 Engagement Community,NA
4108650,Brookings,OR,3.724463224686816,0.7330321180473605,2010,42.0676039,-124.3031135,OR,Top 5 Engagement Community,NA
4159250,Port Orford,OR,2.7906358084646135,3.824339856967327,2010,42.7496349,-124.4974062,OR,Top 5 Engagement Community,Top 5 Reliance Community
4103150,Astoria,OR,13.4047356944424,2.2095531180356804,2011,46.1883779,-123.8104977,OR,Top 5 Engagement Community,Top 5 Reliance Community
4152450,Newport,OR,13.358557781176245,1.9423994690995268,2011,44.6247052,-124.0523628,OR,Top 5 Engagement Community,Top 5 Reliance Community
4115250,Charleston (Coos Bay),OR,8.554664557044234,0.7309808344547857,2011,43.3789233,-124.2329891,OR,Top 5 Engagement Community,NA
4108650,Brookings,OR,3.3514846075267095,0.5921738269409118,2011,42.0676039,-124.3031135,OR,Top 5 Engagement Community,NA
4159250,Port Orford,OR,3.087026413710795,3.4320583105329865,2011,42.7496349,-124.4974062,OR,Top 5 Engagement Community,Top 5 Reliance Community
4103150,Astoria,OR,13.298286620106786,2.584302960176101,2012,46.1883779,-123.8104977,OR,Top 5 Engagement Community,Top 5 Reliance Community
4152450,Newport,OR,13.118005565976569,1.9611500570333364,2012,44.6247052,-124.0523628,OR,Top 5 Engagement Community,Top 5 Reliance Community
4115250,Charleston (Coos Bay),OR,7.533090245053457,0.6338770790880872,2012,43.3789233,-124.2329891,OR,Top 5 Engagement Community,NA
4108650,Brookings,OR,4.342117153010758,0.8234658463018512,2012,42.0676039,-124.3031135,OR,Top 5 Engagement Community,NA
4159250,Port Orford,OR,2.7186352528309214,2.4535100551295943,2012,42.7496349,-124.4974062,OR,Top 5 Engagement Community,Top 5 Reliance Community
4152450,Newport,OR,15.009330165612525,2.277349228718849,2013,44.6247052,-124.0523628,OR,Top 5 Engagement Community,Top 5 Reliance Community
4103150,Astoria,OR,13.45050086181712,2.3269669096435863,2013,46.1883779,-123.8104977,OR,Top 5 Engagement Community,Top 5 Reliance Community
4115250,Charleston (Coos Bay),OR,7.42387390956334,0.570473144099252,2013,43.3789233,-124.2329891,OR,Top 5 Engagement Community,NA
4108650,Brookings,OR,5.006493260113979,0.9998696626642728,2013,42.0676039,-124.3031135,OR,Top 5 Engagement Community,NA
4159250,Port Orford,OR,2.9106200285007153,2.9655578547038575,2013,42.7496349,-124.4974062,OR,Top 5 Engagement Community,Top 5 Reliance Community
4152450,Newport,OR,16.241538635292542,1.7584375517543769,2014,44.6247052,-124.0523628,OR,Top 5 Engagement Community,Top 5 Reliance Community
4103150,Astoria,OR,12.475898991232803,1.3677814526542702,2014,46.1883779,-123.8104977,OR,Top 5 Engagement Community,Top 5 Reliance Community
4115250,Charleston (Coos Bay),OR,7.818081057594135,0.4979120889527613,2014,43.3789233,-124.2329891,OR,Top 5 Engagement Community,NA
4108650,Brookings,OR,4.540697085014762,0.7878660303871681,2014,42.0676039,-124.3031135,OR,Top 5 Engagement Community,NA
4159250,Port Orford,OR,2.3500448718325275,2.320903424867189,2014,42.7496349,-124.4974062,OR,Top 5 Engagement Community,Top 5 Reliance Community
4152450,Newport,OR,14.278990814943636,1.5675267210551471,2015,44.6247052,-124.0523628,OR,Top 5 Engagement Community,Top 5 Reliance Community
4103150,Astoria,OR,13.88219257415808,1.4998559814757677,2015,46.1883779,-123.8104977,OR,Top 5 Engagement Community,Top 5 Reliance Community
4115250,Charleston (Coos Bay),OR,7.231432511818833,0.47589171507136807,2015,43.3789233,-124.2329891,OR,Top 5 Engagement Community,NA
4108650,Brookings,OR,5.015441979925881,0.9198242349381222,2015,42.0676039,-124.3031135,OR,Top 5 Engagement Community,NA
4159250,Port Orford,OR,2.549469378432888,2.617232118312096,2015,42.7496349,-124.4974062,OR,Top 5 Engagement Community,Top 5 Reliance Community
4152450,Newport,OR,15.270840548511636,2.078648829307986,2016,44.6247052,-124.0523628,OR,Top 5 Engagement Community,Top 5 Reliance Community
4103150,Astoria,OR,13.251112849939563,1.9971488832277384,2016,46.1883779,-123.8104977,OR,Top 5 Engagement Community,Top 5 Reliance Community
4115250,Charleston (Coos Bay),OR,7.091959733604214,0.5161223214278458,2016,43.3789233,-124.2329891,OR,Top 5 Engagement Community,NA
4108650,Brookings,OR,5.2904614330362785,1.0881471549401325,2016,42.0676039,-124.3031135,OR,Top 5 Engagement Community,NA
4159250,Port Orford,OR,2.302231534890842,2.5264588688361247,2016,42.7496349,-124.4974062,OR,Top 5 Engagement Community,Top 5 Reliance Community
4152450,Newport,OR,15.719740398558129,1.717244417208288,2017,44.6247052,-124.0523628,OR,Top 5 Engagement Community,Top 5 Reliance Community
4103150,Astoria,OR,13.366549240310782,1.6309412587287628,2017,46.1883779,-123.8104977,OR,Top 5 Engagement Community,Top 5 Reliance Community
4115250,Charleston (Coos Bay),OR,6.50060430782814,0.35286477105786096,2017,43.3789233,-124.2329891,OR,Top 5 Engagement Community,NA
4108650,Brookings,OR,4.3711602941917604,0.7616719816682294,2017,42.0676039,-124.3031135,OR,Top 5 Engagement Community,NA
4159250,Port Orford,OR,2.391513189499038,2.5635530174399888,2017,42.7496349,-124.4974062,OR,Top 5 Engagement Community,Top 5 Reliance Community
4152450,Newport,OR,18.385645169134055,1.1452687715628274,2018,44.6247052,-124.0523628,OR,Top 5 Engagement Community,Top 5 Reliance Community
4103150,Astoria,OR,13.893893517830485,0.8697196474971244,2018,46.1883779,-123.8104977,OR,Top 5 Engagement Community,Top 5 Reliance Community
4115250,Charleston (Coos Bay),OR,8.099500197890487,0.2744891470176127,2018,43.3789233,-124.2329891,OR,Top 5 Engagement Community,NA
4108650,Brookings,OR,5.9833417996270075,0.6819131408020703,2018,42.0676039,-124.3031135,OR,Top 5 Engagement Community,NA
4159250,Port Orford,OR,2.8078902872588785,2.42416055024547,2018,42.7496349,-124.4974062,OR,Top 5 Engagement Community,Top 5 Reliance Community
4152450,Newport,OR,17.454821313023455,1.2236710199691694,2019,44.6247052,-124.0523628,OR,Top 5 Engagement Community,Top 5 Reliance Community
4103150,Astoria,OR,15.101096484920262,1.174081706245227,2019,46.1883779,-123.8104977,OR,Top 5 Engagement Community,Top 5 Reliance Community
4115250,Charleston (Coos Bay),OR,6.630919187072321,0.24075622663452903,2019,43.3789233,-124.2329891,OR,Top 5 Engagement Community,NA
4108650,Brookings,OR,4.957689026624705,0.49790026830213974,2019,42.0676039,-124.3031135,OR,Top 5 Engagement Community,NA
4159250,Port Orford,OR,2.6871167787153896,1.9702519989390577,2019,42.7496349,-124.4974062,OR,Top 5 Engagement Community,Top 5 Reliance Community
4152450,Newport,OR,18.258356198611096,0.6539172902189823,2020,44.6247052,-124.0523628,OR,Top 5 Engagement Community,Top 5 Reliance Community
4103150,Astoria,OR,16.126963168956834,0.6046245159396264,2020,46.1883779,-123.8104977,OR,Top 5 Engagement Community,Top 5 Reliance Community
4115250,Charleston (Coos Bay),OR,5.6010350479127435,0.08793868161840362,2020,43.3789233,-124.2329891,OR,Top 5 Engagement Community,NA
4108650,Brookings,OR,4.996033827609731,0.34647064839186287,2020,42.0676039,-124.3031135,OR,Top 5 Engagement Community,NA
4159250,Port Orford,OR,2.572002295982104,1.610643519333642,2020,42.7496349,-124.4974062,OR,Top 5 Engagement Community,Top 5 Reliance Community
4152450,Newport,OR,17.004865250227454,0.534323762338573,2021,44.6247052,-124.0523628,OR,Top 5 Engagement Community,Top 5 Reliance Community
4103150,Astoria,OR,14.950196553420762,0.40488504629795785,2021,46.1883779,-123.8104977,OR,Top 5 Engagement Community,NA
4115250,Charleston (Coos Bay),OR,6.306563196642191,0.07522338261635628,2021,43.3789233,-124.2329891,OR,Top 5 Engagement Community,NA
4108650,Brookings,OR,4.975308249969332,0.43904561777231194,2021,42.0676039,-124.3031135,OR,Top 5 Engagement Community,NA
4159250,Port Orford,OR,2.854188844945437,2.169300746004291,2021,42.7496349,-124.4974062,OR,Top 5 Engagement Community,Top 5 Reliance Community
4152450,Newport,OR,15.369128441549158,0.4696107825026023,2022,44.6247052,-124.0523628,OR,Top 5 Engagement Community,Top 5 Reliance Community
4103150,Astoria,OR,14.969582073890852,0.48582868329813134,2022,46.1883779,-123.8104977,OR,Top 5 Engagement Community,Top 5 Reliance Community
4108650,Brookings,OR,4.326395929515179,0.2505914193736824,2022,42.0676039,-124.3031135,OR,Top 5 Engagement Community,NA
4115250,Charleston (Coos Bay),OR,3.896457425187511,0.01948563131645884,2022,43.3789233,-124.2329891,OR,Top 5 Engagement Community,NA
4159250,Port Orford,OR,3.0923606825543426,1.377161182850257,2022,42.7496349,-124.4974062,OR,Top 5 Engagement Community,Top 5 Reliance Community
644000,Los Angeles,CA,11.93519277136244,-0.13219364363931962,2009,34.1564893,-118.5399543,SCA,Top 5 Engagement Community,NA
665042,Ventura,CA,8.053181107795705,0.02443900264778453,2009,34.2675259,-119.2542834,SCA,Top 5 Engagement Community,Top 5 Reliance Community
658296,Port Hueneme,CA,5.691032441623794,0.3786616342269354,2009,34.1611387,-119.2036436,SCA,Top 5 Engagement Community,Top 5 Reliance Community
669070,Santa Barbara,CA,4.313372243686394,-0.03315314669876546,2009,34.3997984,-119.7130828,SCA,Top 5 Engagement Community,NA
666000,San Diego,CA,3.593376010789185,-0.13192992997882774,2009,32.8168157,-117.133405,SCA,Top 5 Engagement Community,NA
644000,Los Angeles,CA,13.678843732199038,-0.11678589169992218,2010,34.1564893,-118.5399543,SCA,Top 5 Engagement Community,NA
665042,Ventura,CA,6.594723477000227,-0.02903461429094859,2010,34.2675259,-119.2542834,SCA,Top 5 Engagement Community,Top 5 Reliance Community
669070,Santa Barbara,CA,4.13678769926827,-0.06450460185576568,2010,34.3997984,-119.7130828,SCA,Top 5 Engagement Community,Top 5 Reliance Community
658296,Port Hueneme,CA,4.082388396965297,0.19839579193992407,2010,34.1611387,-119.2036436,SCA,Top 5 Engagement Community,Top 5 Reliance Community
666000,San Diego,CA,3.1347946804684352,-0.11940305369452722,2010,32.8168157,-117.133405,SCA,Top 5 Engagement Community,NA
644000,Los Angeles,CA,11.370805994208158,-0.11881272154570204,2011,34.1564893,-118.5399543,SCA,Top 5 Engagement Community,NA
665042,Ventura,CA,5.86543666406715,-0.02927986786118253,2011,34.2675259,-119.2542834,SCA,Top 5 Engagement Community,Top 5 Reliance Community
669070,Santa Barbara,CA,3.944617421378561,-0.05854414667060901,2011,34.3997984,-119.7130828,SCA,Top 5 Engagement Community,Top 5 Reliance Community
658296,Port Hueneme,CA,3.6470324414102855,0.19334203341559825,2011,34.1611387,-119.2036436,SCA,Top 5 Engagement Community,Top 5 Reliance Community
654652,Oxnard,CA,3.219717003115482,-0.10065507225779063,2011,34.200947,-119.2144625,SCA,Top 5 Engagement Community,NA
644000,Los Angeles,CA,11.9742563373242,-0.11368956304797571,2012,34.1564893,-118.5399543,SCA,Top 5 Engagement Community,NA
669070,Santa Barbara,CA,4.000241115462186,-0.05498361881241405,2012,34.3997984,-119.7130828,SCA,Top 5 Engagement Community,Top 5 Reliance Community
665042,Ventura,CA,3.795305095244137,-0.05640643951524141,2012,34.2675259,-119.2542834,SCA,Top 5 Engagement Community,Top 5 Reliance Community
666000,San Diego,CA,2.9355427476484897,-0.11720675024175624,2012,32.8168157,-117.133405,SCA,Top 5 Engagement Community,NA
654652,Oxnard,CA,2.6417473563065093,-0.1019300598572812,2012,34.200947,-119.2144625,SCA,Top 5 Engagement Community,NA
644000,Los Angeles,CA,8.792319892251383,-0.12699518836673726,2013,34.1564893,-118.5399543,SCA,Top 5 Engagement Community,NA
665042,Ventura,CA,5.759359127073862,-0.03857286126912419,2013,34.2675259,-119.2542834,SCA,Top 5 Engagement Community,Top 5 Reliance Community
669070,Santa Barbara,CA,3.70773511335237,-0.07438063646659723,2013,34.3997984,-119.7130828,SCA,Top 5 Engagement Community,NA
666000,San Diego,CA,2.9690054260260452,-0.12820901015120334,2013,32.8168157,-117.133405,SCA,Top 5 Engagement Community,NA
654652,Oxnard,CA,2.544688764579562,-0.1144529736444108,2013,34.200947,-119.2144625,SCA,Top 5 Engagement Community,NA
644000,Los Angeles,CA,6.157775270231641,-0.10917174658084766,2014,34.1564893,-118.5399543,SCA,Top 5 Engagement Community,NA
665042,Ventura,CA,4.8466418612717765,-0.05734303449367349,2014,34.2675259,-119.2542834,SCA,Top 5 Engagement Community,NA
669070,Santa Barbara,CA,4.067371187865601,-0.05209075421275033,2014,34.3997984,-119.7130828,SCA,Top 5 Engagement Community,NA
666000,San Diego,CA,3.0275072001278143,-0.10806113662234317,2014,32.8168157,-117.133405,SCA,Top 5 Engagement Community,NA
658296,Port Hueneme,CA,2.5602514539196823,0.02550048328562568,2014,34.1611387,-119.2036436,SCA,Top 5 Engagement Community,Top 5 Reliance Community
669070,Santa Barbara,CA,4.963316686030863,-0.03552562014772628,2015,34.3997984,-119.7130828,SCA,Top 5 Engagement Community,Top 5 Reliance Community
665042,Ventura,CA,4.678852154040767,-0.05931406613513085,2015,34.2675259,-119.2542834,SCA,Top 5 Engagement Community,NA
644000,Los Angeles,CA,4.275315952838489,-0.11028429420790724,2015,34.1564893,-118.5399543,SCA,Top 5 Engagement Community,NA
666000,San Diego,CA,3.9705296467908218,-0.10760437008671855,2015,32.8168157,-117.133405,SCA,Top 5 Engagement Community,NA
654652,Oxnard,CA,2.7163931344778462,-0.09299224544647829,2015,34.200947,-119.2144625,SCA,Top 5 Engagement Community,NA
644000,Los Angeles,CA,5.970025763625823,-0.11012710076033788,2016,34.1564893,-118.5399543,SCA,Top 5 Engagement Community,NA
669070,Santa Barbara,CA,4.721173757875931,-0.04754866165316096,2016,34.3997984,-119.7130828,SCA,Top 5 Engagement Community,Top 5 Reliance Community
665042,Ventura,CA,3.922248623368384,-0.06228665936766624,2016,34.2675259,-119.2542834,SCA,Top 5 Engagement Community,Top 5 Reliance Community
666000,San Diego,CA,3.903085099000944,-0.10862708523570888,2016,32.8168157,-117.133405,SCA,Top 5 Engagement Community,NA
654652,Oxnard,CA,2.5283737938469457,-0.09798013603328128,2016,34.200947,-119.2144625,SCA,Top 5 Engagement Community,NA
665042,Ventura,CA,6.785298911586015,-0.02682255886340887,2017,34.2675259,-119.2542834,SCA,Top 5 Engagement Community,Top 5 Reliance Community
644000,Los Angeles,CA,6.478754018114051,-0.09137740933433884,2017,34.1564893,-118.5399543,SCA,Top 5 Engagement Community,NA
669070,Santa Barbara,CA,4.453965918207032,-0.0506476652230577,2017,34.3997984,-119.7130828,SCA,Top 5 Engagement Community,Top 5 Reliance Community
666000,San Diego,CA,3.894331768979389,-0.09036860731271988,2017,32.8168157,-117.133405,SCA,Top 5 Engagement Community,NA
658296,Port Hueneme,CA,3.316853961468381,0.08568727802554153,2017,34.1611387,-119.2036436,SCA,Top 5 Engagement Community,Top 5 Reliance Community
644000,Los Angeles,CA,5.5659100818709195,-0.07174313659734266,2018,34.1564893,-118.5399543,SCA,Top 5 Engagement Community,NA
669070,Santa Barbara,CA,4.618250268682501,-0.04008456832922821,2018,34.3997984,-119.7130828,SCA,Top 5 Engagement Community,Top 5 Reliance Community
666000,San Diego,CA,4.597984351872739,-0.07030925152092281,2018,32.8168157,-117.133405,SCA,Top 5 Engagement Community,NA
665042,Ventura,CA,4.007491230741416,-0.05080058821142047,2018,34.2675259,-119.2542834,SCA,Top 5 Engagement Community,Top 5 Reliance Community
654652,Oxnard,CA,2.055456602304685,-0.06646403395046485,2018,34.200947,-119.2144625,SCA,Top 5 Engagement Community,NA
666000,San Diego,CA,4.991157068669125,-0.07198720413001704,2019,32.8168157,-117.133405,SCA,Top 5 Engagement Community,NA
644000,Los Angeles,CA,4.685761308793649,-0.07342763551652498,2019,34.1564893,-118.5399543,SCA,Top 5 Engagement Community,NA
669070,Santa Barbara,CA,4.011282423531455,-0.045997089788567,2019,34.3997984,-119.7130828,SCA,Top 5 Engagement Community,Top 5 Reliance Community
665042,Ventura,CA,2.590322394420957,-0.05821175952891352,2019,34.2675259,-119.2542834,SCA,Top 5 Engagement Community,NA
654652,Oxnard,CA,2.052593423931333,-0.0685412858318169,2019,34.200947,-119.2144625,SCA,Top 5 Engagement Community,NA
666000,San Diego,CA,5.840480008011899,-0.05274049212690063,2020,32.8168157,-117.133405,SCA,Top 5 Engagement Community,NA
669070,Santa Barbara,CA,4.88423531079709,-0.0356952853479535,2020,34.3997984,-119.7130828,SCA,Top 5 Engagement Community,Top 5 Reliance Community
644000,Los Angeles,CA,4.287582878273923,-0.05402233629823473,2020,34.1564893,-118.5399543,SCA,Top 5 Engagement Community,NA
665042,Ventura,CA,2.7953345229681483,-0.04634501181731558,2020,34.2675259,-119.2542834,SCA,Top 5 Engagement Community,NA
654652,Oxnard,CA,2.2160482671431816,-0.05071105001149109,2020,34.200947,-119.2144625,SCA,Top 5 Engagement Community,NA
666000,San Diego,CA,5.080360493347186,-0.055262749303919,2021,32.8168157,-117.133405,SCA,Top 5 Engagement Community,NA
644000,Los Angeles,CA,4.234453661119485,-0.05647703750245204,2021,34.1564893,-118.5399543,SCA,Top 5 Engagement Community,NA
669070,Santa Barbara,CA,3.95091303889594,-0.04480712522372433,2021,34.3997984,-119.7130828,SCA,Top 5 Engagement Community,Top 5 Reliance Community
665042,Ventura,CA,3.922558953400831,-0.05139406726029719,2021,34.2675259,-119.2542834,SCA,Top 5 Engagement Community,NA
654652,Oxnard,CA,2.1033203398092826,-0.05409020496878687,2021,34.200947,-119.2144625,SCA,Top 5 Engagement Community,NA
665042,Ventura,CA,7.730794192565674,-0.03175812766652688,2022,34.2675259,-119.2542834,SCA,Top 5 Engagement Community,Top 5 Reliance Community
644000,Los Angeles,CA,6.1266830733611135,-0.04907234705437982,2022,34.1564893,-118.5399543,SCA,Top 5 Engagement Community,NA
666000,San Diego,CA,5.0692145510109565,-0.04847056249357247,2022,32.8168157,-117.133405,SCA,Top 5 Engagement Community,NA
658296,Port Hueneme,CA,4.523445585391121,0.01061768552729983,2022,34.1611387,-119.2036436,SCA,Top 5 Engagement Community,Top 5 Reliance Community
669070,Santa Barbara,CA,4.33688141041905,-0.03883176708264962,2022,34.3997984,-119.7130828,SCA,Top 5 Engagement Community,Top 5 Reliance Community
5377630,Westport,WA,11.299712341893652,10.713917027589318,2009,46.893467,-124.1155222,WA,Top 5 Engagement Community,Top 5 Reliance Community
5305280,Bellingham Bay,WA,8.177460108199279,0.13025173355992875,2009,48.7530659,-122.4702731,WA,Top 5 Engagement Community,NA
5363000,Seattle,WA,4.585535492350653,-0.11973726395458492,2009,47.6200014,-122.3512336,WA,Top 5 Engagement Community,NA
5333000,Ilwaco,WA,3.5754843099110127,8.37567653512506,2009,46.3031577,-124.0234952,WA,Top 5 Engagement Community,Top 5 Reliance Community
5301990,Anacortes,WA,3.402550598846501,0.38666895957063296,2009,48.489414,-122.6249342,WA,Top 5 Engagement Community,NA
5377630,Westport,WA,12.644496319844404,10.423606392201382,2010,46.893467,-124.1155222,WA,Top 5 Engagement Community,Top 5 Reliance Community
5305280,Bellingham Bay,WA,8.488034247067677,0.03484802696184248,2010,48.7530659,-122.4702731,WA,Top 5 Engagement Community,NA
5363000,Seattle,WA,5.54718666125549,-0.1085639084782334,2010,47.6200014,-122.3512336,WA,Top 5 Engagement Community,NA
5333000,Ilwaco,WA,3.5778737106839076,5.028750806047791,2010,46.3031577,-124.0234952,WA,Top 5 Engagement Community,Top 5 Reliance Community
5301990,Anacortes,WA,3.435074658406415,0.1936919926665721,2010,48.489414,-122.6249342,WA,Top 5 Engagement Community,NA
5377630,Westport,WA,13.539042269266396,13.645122513078372,2011,46.893467,-124.1155222,WA,Top 5 Engagement Community,Top 5 Reliance Community
5305280,Bellingham Bay,WA,7.571960015649696,0.02007306739865642,2011,48.7530659,-122.4702731,WA,Top 5 Engagement Community,NA
5363000,Seattle,WA,5.950274204190788,-0.1079450856264312,2011,47.6200014,-122.3512336,WA,Top 5 Engagement Community,NA
5333000,Ilwaco,WA,4.126367497791468,7.066965694171775,2011,46.3031577,-124.0234952,WA,Top 5 Engagement Community,Top 5 Reliance Community
5301990,Anacortes,WA,3.312320767022064,0.16273289400427113,2011,48.489414,-122.6249342,WA,Top 5 Engagement Community,NA
5377630,Westport,WA,14.03474106602538,13.831812206423054,2012,46.893467,-124.1155222,WA,Top 5 Engagement Community,Top 5 Reliance Community
5305280,Bellingham Bay,WA,6.538578354338376,-0.00373070767012618,2012,48.7530659,-122.4702731,WA,Top 5 Engagement Community,NA
5363000,Seattle,WA,5.0684753502730615,-0.1068412290307476,2012,47.6200014,-122.3512336,WA,Top 5 Engagement Community,NA
5333000,Ilwaco,WA,4.0933635740777135,7.074926644482173,2012,46.3031577,-124.0234952,WA,Top 5 Engagement Community,Top 5 Reliance Community
5301990,Anacortes,WA,3.2405083131566705,0.128224648061461,2012,48.489414,-122.6249342,WA,Top 5 Engagement Community,NA
5377630,Westport,WA,13.5630290562219,13.5250157766223,2013,46.893467,-124.1155222,WA,Top 5 Engagement Community,Top 5 Reliance Community
5305280,Bellingham Bay,WA,7.520236262874599,-1.7236527603414813e-4,2013,48.7530659,-122.4702731,WA,Top 5 Engagement Community,NA
5363000,Seattle,WA,5.107855650102349,-0.1189140120326323,2013,47.6200014,-122.3512336,WA,Top 5 Engagement Community,NA
5333000,Ilwaco,WA,4.331356352867571,6.777984285233116,2013,46.3031577,-124.0234952,WA,Top 5 Engagement Community,Top 5 Reliance Community
5301990,Anacortes,WA,3.174065376940897,0.13009765053993283,2013,48.489414,-122.6249342,WA,Top 5 Engagement Community,NA
5377630,Westport,WA,13.066273693195075,8.157687485182008,2014,46.893467,-124.1155222,WA,Top 5 Engagement Community,Top 5 Reliance Community
5305280,Bellingham Bay,WA,7.706896305159971,0.0082589650982541,2014,48.7530659,-122.4702731,WA,Top 5 Engagement Community,NA
5363000,Seattle,WA,4.995289505265811,-0.10079330275969477,2014,47.6200014,-122.3512336,WA,Top 5 Engagement Community,NA
5333000,Ilwaco,WA,3.9267759035756775,4.394100089388986,2014,46.3031577,-124.0234952,WA,Top 5 Engagement Community,Top 5 Reliance Community
5301990,Anacortes,WA,3.2029551213315717,0.14923664197957454,2014,48.489414,-122.6249342,WA,Top 5 Engagement Community,NA
5377630,Westport,WA,15.77826392016562,9.681490263218,2015,46.893467,-124.1155222,WA,Top 5 Engagement Community,Top 5 Reliance Community
5305280,Bellingham Bay,WA,8.34799938631139,0.02579539488301877,2015,48.7530659,-122.4702731,WA,Top 5 Engagement Community,NA
5363000,Seattle,WA,5.70752047598781,-0.0992151683212932,2015,47.6200014,-122.3512336,WA,Top 5 Engagement Community,NA
5301990,Anacortes,WA,3.742222452018442,0.21461863335744075,2015,48.489414,-122.6249342,WA,Top 5 Engagement Community,NA
5333000,Ilwaco,WA,3.455689730783775,4.323938123757399,2015,46.3031577,-124.0234952,WA,Top 5 Engagement Community,Top 5 Reliance Community
5377630,Westport,WA,15.22931353949264,10.80432217495121,2016,46.893467,-124.1155222,WA,Top 5 Engagement Community,Top 5 Reliance Community
5305280,Bellingham Bay,WA,7.494989868948553,0.00624299265323497,2016,48.7530659,-122.4702731,WA,Top 5 Engagement Community,NA
5363000,Seattle,WA,5.520872930573474,-0.1003398262168629,2016,47.6200014,-122.3512336,WA,Top 5 Engagement Community,NA
5301990,Anacortes,WA,4.264616003798645,0.257801295212231,2016,48.489414,-122.6249342,WA,Top 5 Engagement Community,NA
5333000,Ilwaco,WA,3.494557611194111,5.020521578055575,2016,46.3031577,-124.0234952,WA,Top 5 Engagement Community,Top 5 Reliance Community
5377630,Westport,WA,15.406971248102968,8.949690291582007,2017,46.893467,-124.1155222,WA,Top 5 Engagement Community,Top 5 Reliance Community
5305280,Bellingham Bay,WA,7.187938815629293,-0.00188027328280984,2017,48.7530659,-122.4702731,WA,Top 5 Engagement Community,NA
5363000,Seattle,WA,5.4863872017258135,-0.08413485344298645,2017,47.6200014,-122.3512336,WA,Top 5 Engagement Community,NA
5301990,Anacortes,WA,4.422504506000063,0.22717141921472772,2017,48.489414,-122.6249342,WA,Top 5 Engagement Community,NA
5333000,Ilwaco,WA,3.4202611578585485,3.807779388196987,2017,46.3031577,-124.0234952,WA,Top 5 Engagement Community,Top 5 Reliance Community
5377630,Westport,WA,11.682416154879313,3.5035179078915997,2018,46.893467,-124.1155222,WA,Top 5 Engagement Community,Top 5 Reliance Community
5305280,Bellingham Bay,WA,6.009154140504982,-0.01677510135330277,2018,48.7530659,-122.4702731,WA,Top 5 Engagement Community,NA
5301990,Anacortes,WA,4.152019109008926,0.13653400697619508,2018,48.489414,-122.6249342,WA,Top 5 Engagement Community,NA
5363000,Seattle,WA,2.8261712269123285,-0.06918140691008488,2018,47.6200014,-122.3512336,WA,Top 5 Engagement Community,NA
5355365,Port Angeles,WA,1.699573734488744,-0.00675896833450509,2018,48.1174083,-123.4494466,WA,Top 5 Engagement Community,NA
5377630,Westport,WA,14.534108676258937,6.332484453040964,2019,46.893467,-124.1155222,WA,Top 5 Engagement Community,Top 5 Reliance Community
5305280,Bellingham Bay,WA,5.82862609962318,-0.02548937777826166,2019,48.7530659,-122.4702731,WA,Top 5 Engagement Community,NA
5301990,Anacortes,WA,4.681050360584892,0.12228619477176042,2019,48.489414,-122.6249342,WA,Top 5 Engagement Community,NA
5363000,Seattle,WA,3.089102926249629,-0.07121777068680889,2019,47.6200014,-122.3512336,WA,Top 5 Engagement Community,NA
5333000,Ilwaco,WA,2.8303951852283946,2.157871877453095,2019,46.3031577,-124.0234952,WA,Top 5 Engagement Community,Top 5 Reliance Community
5377630,Westport,WA,14.64795972693525,2.564754832398767,2020,46.893467,-124.1155222,WA,Top 5 Engagement Community,Top 5 Reliance Community
5301990,Anacortes,WA,3.3702611241968716,0.0388233611936851,2020,48.489414,-122.6249342,WA,Top 5 Engagement Community,NA
5305280,Bellingham Bay,WA,3.296268810767301,-0.0362533380559529,2020,48.7530659,-122.4702731,WA,Top 5 Engagement Community,NA
5333000,Ilwaco,WA,2.4556244300258028,0.7148574558637497,2020,46.3031577,-124.0234952,WA,Top 5 Engagement Community,Top 5 Reliance Community
5363000,Seattle,WA,1.9319191946352088,-0.05291365118049923,2020,47.6200014,-122.3512336,WA,Top 5 Engagement Community,NA
5377630,Westport,WA,15.591983841392164,1.8921129685211255,2021,46.893467,-124.1155222,WA,Top 5 Engagement Community,Top 5 Reliance Community
5301990,Anacortes,WA,5.092892483862165,0.1031116532588765,2021,48.489414,-122.6249342,WA,Top 5 Engagement Community,NA
5305280,Bellingham Bay,WA,4.858784891459249,-0.02705044014406081,2021,48.7530659,-122.4702731,WA,Top 5 Engagement Community,NA
5333000,Ilwaco,WA,2.357762739981396,0.5928091149721202,2021,46.3031577,-124.0234952,WA,Top 5 Engagement Community,NA
5363000,Seattle,WA,2.1644373521273654,-0.05487437469179654,2021,47.6200014,-122.3512336,WA,Top 5 Engagement Community,NA
5377630,Westport,WA,16.722107250784262,2.0744696207887503,2022,46.893467,-124.1155222,WA,Top 5 Engagement Community,Top 5 Reliance Community
5305280,Bellingham Bay,WA,5.025350674968769,-0.02871878667756669,2022,48.7530659,-122.4702731,WA,Top 5 Engagement Community,NA
5301990,Anacortes,WA,4.726760350314718,0.04642963479761861,2022,48.489414,-122.6249342,WA,Top 5 Engagement Community,NA
5333000,Ilwaco,WA,2.2947769421099955,0.5462261035948505,2022,46.3031577,-124.0234952,WA,Top 5 Engagement Community,Top 5 Reliance Community
5363000,Seattle,WA,1.8005257653547615,-0.04845370030270029,2022,47.6200014,-122.3512336,WA,Top 5 Engagement Community,NA
607260,Bodega Bay,CA,1.9221587844550183,2.982515606476179,2009,38.3202278,-123.0324159,CCA,NA,Top 5 Reliance Community
678890,Tomales,CA,0.058240075371216,2.327236985789206,2009,38.2470304,-122.9053556,CCA,NA,Top 5 Reliance Community
657876,Point Arena,CA,0.3488203961480462,2.2690299760329564,2009,38.9123135,-123.6955937,CCA,NA,Top 5 Reliance Community
607316,Bolinas,CA,0.2594484132317053,0.6052231488820367,2009,37.9177262,-122.709503,CCA,NA,Top 5 Reliance Community
600716,Albion,CA,0.3678845093383235,2.643746629712814,2010,39.2255881,-123.756472,CCA,NA,Top 5 Reliance Community
615030,Comptche,CA,-0.04392497774049474,2.072696555861679,2010,39.2651346,-123.5897148,CCA,NA,Top 5 Reliance Community
657876,Point Arena,CA,0.2473143675643365,0.8632174619140238,2010,38.9123135,-123.6955937,CCA,NA,Top 5 Reliance Community
600716,Albion,CA,0.2625695022925619,2.154144143884135,2011,39.2255881,-123.756472,CCA,NA,Top 5 Reliance Community
657876,Point Arena,CA,0.3603673506216553,1.4935469736101894,2011,38.9123135,-123.6955937,CCA,NA,Top 5 Reliance Community
615030,Comptche,CA,-0.01029309194696191,1.3085286495266493,2011,39.2651346,-123.5897148,CCA,NA,Top 5 Reliance Community
600716,Albion,CA,0.404168816252402,2.2190523022931496,2012,39.2255881,-123.756472,CCA,NA,Top 5 Reliance Community
657876,Point Arena,CA,0.4378078283299545,1.4665851564924377,2012,38.9123135,-123.6955937,CCA,NA,Top 5 Reliance Community
678890,Tomales,CA,0.0547920873486491,1.0995060194656934,2012,38.2470304,-122.9053556,CCA,NA,Top 5 Reliance Community
649488,Moss Landing,CA,2.680775832798093,19.790482497260076,2013,36.8015242,-121.7872157,CCA,NA,Top 5 Reliance Community
600716,Albion,CA,0.3720355495219974,2.481315372369872,2013,39.2255881,-123.756472,CCA,NA,Top 5 Reliance Community
657876,Point Arena,CA,0.5016621078025902,1.6885583872708538,2013,38.9123135,-123.6955937,CCA,NA,Top 5 Reliance Community
615030,Comptche,CA,-0.06706938051887747,1.5072745628920945,2013,39.2651346,-123.5897148,CCA,NA,Top 5 Reliance Community
657876,Point Arena,CA,0.5203277019857878,2.047427727997949,2014,38.9123135,-123.6955937,CCA,NA,Top 5 Reliance Community
600716,Albion,CA,0.3109425192481188,1.936753234799122,2014,39.2255881,-123.756472,CCA,NA,Top 5 Reliance Community
619262,Dillon Beach,CA,-0.1098815627211113,1.0442863566938805,2014,38.2434891,-122.9559563,CCA,NA,Top 5 Reliance Community
607260,Bodega Bay,CA,3.0241622999668714,6.153045332139503,2015,38.3202278,-123.0324159,CCA,NA,Top 5 Reliance Community
657876,Point Arena,CA,0.6214850707733228,2.6014589433227613,2015,38.9123135,-123.6955937,CCA,NA,Top 5 Reliance Community
600716,Albion,CA,0.3075872231947503,1.986274466405793,2015,39.2255881,-123.756472,CCA,NA,Top 5 Reliance Community
678890,Tomales,CA,0.05006454245183598,1.3719655498152343,2015,38.2470304,-122.9053556,CCA,NA,Top 5 Reliance Community
649488,Moss Landing,CA,2.407756844750781,28.090143964446153,2016,36.8015242,-121.7872157,CCA,NA,Top 5 Reliance Community
600716,Albion,CA,0.21737383458362708,2.0981677115506128,2016,39.2255881,-123.756472,CCA,NA,Top 5 Reliance Community
657876,Point Arena,CA,0.5101926704832139,1.440867874289245,2016,38.9123135,-123.6955937,CCA,NA,Top 5 Reliance Community
603330,Avila Beach,CA,1.113846146022329,1.039703315960566,2016,35.1962011,-120.7192493,CCA,NA,Top 5 Reliance Community
649488,Moss Landing,CA,1.774425942987636,30.852368185116713,2017,36.8015242,-121.7872157,CCA,NA,Top 5 Reliance Community
615030,Comptche,CA,-0.1008127297094747,1.450917692718612,2017,39.2651346,-123.5897148,CCA,NA,Top 5 Reliance Community
600716,Albion,CA,0.10688122788189708,0.9803955282823612,2017,39.2255881,-123.756472,CCA,NA,Top 5 Reliance Community
619262,Dillon Beach,CA,-0.03001647239681015,0.8437291264717154,2017,38.2434891,-122.9559563,CCA,NA,Top 5 Reliance Community
637274,Jenner,CA,-0.12449451250189776,1.5906197720652853,2018,38.4510317,-123.1201763,CCA,NA,Top 5 Reliance Community
615030,Comptche,CA,-0.08853100759043647,0.9961381896639208,2018,39.2651346,-123.5897148,CCA,NA,Top 5 Reliance Community
657876,Point Arena,CA,0.5604045464882182,0.8466562974683788,2018,38.9123135,-123.6955937,CCA,NA,Top 5 Reliance Community
637274,Jenner,CA,-0.12185858766323912,1.174899300045859,2019,38.4510317,-123.1201763,CCA,NA,Top 5 Reliance Community
657876,Point Arena,CA,0.40288076664975736,0.6036304892432287,2019,38.9123135,-123.6955937,CCA,NA,Top 5 Reliance Community
600716,Albion,CA,0.08738147590488743,0.49656272335374,2019,39.2255881,-123.756472,CCA,NA,Top 5 Reliance Community
637274,Jenner,CA,-0.1265730559536693,0.7586149348356044,2020,38.4510317,-123.1201763,CCA,NA,Top 5 Reliance Community
657876,Point Arena,CA,0.33464792739353744,0.3321615474709134,2020,38.9123135,-123.6955937,CCA,NA,Top 5 Reliance Community
615030,Comptche,CA,-0.08601383944961351,0.3005749611888585,2020,39.2651346,-123.5897148,CCA,NA,Top 5 Reliance Community
600716,Albion,CA,0.08020713357189023,0.3521738975957226,2021,39.2255881,-123.756472,CCA,NA,Top 5 Reliance Community
615030,Comptche,CA,-0.0755392040782711,0.32801878069783214,2021,39.2651346,-123.5897148,CCA,NA,Top 5 Reliance Community
657876,Point Arena,CA,0.361224395730959,0.20673896097858932,2021,38.9123135,-123.6955937,CCA,NA,Top 5 Reliance Community
649488,Moss Landing,CA,2.0642653274205025,33.92289809815745,2022,36.8015242,-121.7872157,CCA,NA,Top 5 Reliance Community
637274,Jenner,CA,-0.13359154921676253,1.4659660759029391,2022,38.4510317,-123.1201763,CCA,NA,Top 5 Reliance Community
600716,Albion,CA,0.06484233811012097,0.321627232255237,2022,39.2255881,-123.756472,CCA,NA,Top 5 Reliance Community
615030,Comptche,CA,-0.11219543661514834,0.23464153316385347,2022,39.2651346,-123.5897148,CCA,NA,Top 5 Reliance Community
638702,Klamath,CA,-0.09402257351424452,0.14476482188303458,2009,41.5322013,-124.0064272,NCA,NA,Top 5 Reliance Community
659906,Redcrest,CA,-0.1305753305216238,1.7507382484337637,2010,40.3987747,-123.9474151,NCA,NA,Top 5 Reliance Community
624022,Fields Landing,CA,0.16061702912019274,1.2840721094799397,2010,40.7248335,-124.2176344,NCA,NA,Top 5 Reliance Community
624022,Fields Landing,CA,0.02204945390855081,1.2704991302254998,2011,40.7248335,-124.2176344,NCA,NA,Top 5 Reliance Community
659906,Redcrest,CA,-0.14302548980491211,0.774698056357129,2011,40.3987747,-123.9474151,NCA,NA,Top 5 Reliance Community
624022,Fields Landing,CA,0.051447341861166,2.6666386568739022,2012,40.7248335,-124.2176344,NCA,NA,Top 5 Reliance Community
624022,Fields Landing,CA,0.32805427586281005,10.752459283734888,2013,40.7248335,-124.2176344,NCA,NA,Top 5 Reliance Community
659906,Redcrest,CA,-0.12653669846440882,0.8132543368470463,2013,40.3987747,-123.9474151,NCA,NA,Top 5 Reliance Community
624022,Fields Landing,CA,0.00252965188886273,1.6641412404464675,2014,40.7248335,-124.2176344,NCA,NA,Top 5 Reliance Community
659906,Redcrest,CA,-0.12973467025934884,1.219525413347721,2014,40.3987747,-123.9474151,NCA,NA,Top 5 Reliance Community
671372,Shelter Cove,CA,0.2318644532266557,0.9041920480327164,2014,40.0389552,-124.0558258,NCA,NA,Top 5 Reliance Community
641026,Leggett,CA,-0.1443115832715711,0.8499244340027963,2014,39.8635391,-123.7251745,NCA,NA,Top 5 Reliance Community
671372,Shelter Cove,CA,0.32284429216316873,1.5284663831966157,2015,40.0389552,-124.0558258,NCA,NA,Top 5 Reliance Community
659906,Redcrest,CA,-0.13885678295152556,1.1101414130880032,2015,40.3987747,-123.9474151,NCA,NA,Top 5 Reliance Community
641026,Leggett,CA,-0.13885678295152556,0.7138755368421565,2015,39.8635391,-123.7251745,NCA,NA,Top 5 Reliance Community
659906,Redcrest,CA,-0.13537785350120568,1.7975420180890225,2016,40.3987747,-123.9474151,NCA,NA,Top 5 Reliance Community
671372,Shelter Cove,CA,0.3284581319276253,1.0738201840515935,2016,40.0389552,-124.0558258,NCA,NA,Top 5 Reliance Community
624022,Fields Landing,CA,0.02903246561087819,1.043263916516081,2016,40.7248335,-124.2176344,NCA,NA,Top 5 Reliance Community
659906,Redcrest,CA,-0.13335759261656038,1.73398234458467,2017,40.3987747,-123.9474151,NCA,NA,Top 5 Reliance Community
664392,Samoa,CA,-0.06826786680238901,0.648341762790079,2017,40.8146096,-124.1892147,NCA,NA,Top 5 Reliance Community
624022,Fields Landing,CA,0.33162292432157403,0.9054485710903308,2018,40.7248335,-124.2176344,NCA,NA,Top 5 Reliance Community
641026,Leggett,CA,-0.12449451250189776,0.7858395218771387,2018,39.8635391,-123.7251745,NCA,NA,Top 5 Reliance Community
624022,Fields Landing,CA,0.08201539079245534,0.7639926900810038,2019,40.7248335,-124.2176344,NCA,NA,Top 5 Reliance Community
641026,Leggett,CA,-0.1400947255920872,0.2267307658972132,2019,39.8635391,-123.7251745,NCA,NA,Top 5 Reliance Community
641026,Leggett,CA,-0.1265730559536693,0.3956591521467767,2020,39.8635391,-123.7251745,NCA,NA,Top 5 Reliance Community
664392,Samoa,CA,-0.08601383944961351,0.18449113374449969,2020,40.8146096,-124.1892147,NCA,NA,Top 5 Reliance Community
641026,Leggett,CA,-0.13696977005179706,0.8427434292535216,2021,39.8635391,-123.7251745,NCA,NA,Top 5 Reliance Community
664392,Samoa,CA,-0.1164929147272884,0.19944043794074415,2021,40.8146096,-124.1892147,NCA,NA,Top 5 Reliance Community
641026,Leggett,CA,-0.13359154921676253,0.477611927884944,2022,39.8635391,-123.7251745,NCA,NA,Top 5 Reliance Community
680448,Trinidad,CA,0.2489422390241525,0.26841295035529106,2022,41.057563,-124.1432761,NCA,NA,Top 5 Reliance Community
664392,Samoa,CA,-0.11219543661514834,0.11359031043855522,2022,40.8146096,-124.1892147,NCA,NA,Top 5 Reliance Community
4183050,Winchester Bay,OR,1.2006307421239886,5.956234036510002,2009,43.6717917,-124.1857563,OR,NA,Top 5 Reliance Community
4128000,Garibaldi,OR,1.5984215930735757,3.9994787269093663,2009,45.5607306,-123.9111336,OR,NA,Top 5 Reliance Community
4183050,Winchester Bay,OR,1.1897333429402457,11.626796856993938,2010,43.6717917,-124.1857563,OR,NA,Top 5 Reliance Community
4128000,Garibaldi,OR,1.468767292843172,2.219943736706389,2010,45.5607306,-123.9111336,OR,NA,Top 5 Reliance Community
4183050,Winchester Bay,OR,1.3683941453570942,8.798651604507285,2011,43.6717917,-124.1857563,OR,NA,Top 5 Reliance Community
4128000,Garibaldi,OR,1.365762321957102,2.488656560344753,2011,45.5607306,-123.9111336,OR,NA,Top 5 Reliance Community
4183050,Winchester Bay,OR,1.2336706011425305,7.172823618406126,2012,43.6717917,-124.1857563,OR,NA,Top 5 Reliance Community
4128000,Garibaldi,OR,1.3845741570500771,2.185795220041041,2012,45.5607306,-123.9111336,OR,NA,Top 5 Reliance Community
4183050,Winchester Bay,OR,1.3655189421328209,6.200303284241487,2013,43.6717917,-124.1857563,OR,NA,Top 5 Reliance Community
4128000,Garibaldi,OR,1.167255648763246,2.094551377159621,2013,45.5607306,-123.9111336,OR,NA,Top 5 Reliance Community
4183050,Winchester Bay,OR,1.2597407353444594,5.700548842467157,2014,43.6717917,-124.1857563,OR,NA,Top 5 Reliance Community
4128000,Garibaldi,OR,1.215060413708534,2.02988655471455,2014,45.5607306,-123.9111336,OR,NA,Top 5 Reliance Community
4183050,Winchester Bay,OR,1.4537595213000158,6.335559479752972,2015,43.6717917,-124.1857563,OR,NA,Top 5 Reliance Community
4128000,Garibaldi,OR,1.1276540700851785,2.086727033417654,2015,45.5607306,-123.9111336,OR,NA,Top 5 Reliance Community
4183050,Winchester Bay,OR,0.961078841066264,4.270739999091265,2016,43.6717917,-124.1857563,OR,NA,Top 5 Reliance Community
4128000,Garibaldi,OR,1.1065773204327902,1.743451397728251,2016,45.5607306,-123.9111336,OR,NA,Top 5 Reliance Community
4183050,Winchester Bay,OR,0.9507679926431198,2.165426403299669,2017,43.6717917,-124.1857563,OR,NA,Top 5 Reliance Community
4128000,Garibaldi,OR,1.4997742873546402,2.006471134384747,2017,45.5607306,-123.9111336,OR,NA,Top 5 Reliance Community
4183050,Winchester Bay,OR,1.4595264728720765,2.4559755250184216,2018,43.6717917,-124.1857563,OR,NA,Top 5 Reliance Community
4128000,Garibaldi,OR,1.6469011816362968,1.5741510617979382,2018,45.5607306,-123.9111336,OR,NA,Top 5 Reliance Community
4183050,Winchester Bay,OR,1.1080172411318432,2.4577091988078967,2019,43.6717917,-124.1857563,OR,NA,Top 5 Reliance Community
4128000,Garibaldi,OR,1.510916949581633,1.3024675745931988,2019,45.5607306,-123.9111336,OR,NA,Top 5 Reliance Community
4128000,Garibaldi,OR,1.5596556718730343,1.1616990111447454,2020,45.5607306,-123.9111336,OR,NA,Top 5 Reliance Community
4183050,Winchester Bay,OR,1.088400401678845,1.1557470769537204,2020,43.6717917,-124.1857563,OR,NA,Top 5 Reliance Community
4114200,Cloverdale,OR,-0.01410863810474515,1.5623319080317082,2021,45.2006077,-123.8841645,OR,NA,Top 5 Reliance Community
4128000,Garibaldi,OR,1.553386113320182,1.2207137614335954,2021,45.5607306,-123.9111336,OR,NA,Top 5 Reliance Community
4183050,Winchester Bay,OR,1.6618460888478055,0.8381687895280459,2021,43.6717917,-124.1857563,OR,NA,Top 5 Reliance Community
4183050,Winchester Bay,OR,1.053139292973161,1.087084128093979,2022,43.6717917,-124.1857563,OR,NA,Top 5 Reliance Community
4128000,Garibaldi,OR,1.759515051751053,0.7425884367245945,2022,45.5607306,-123.9111336,OR,NA,Top 5 Reliance Community
603274,Avalon,CA,0.00761719279795763,-0.00661883244500446,2009,33.3540455,-118.3153018,SCA,NA,Top 5 Reliance Community
645806,Marina Del Rey,CA,0.23476585335121397,-0.02758768717177645,2009,33.9764927,-118.4485979,SCA,NA,Top 5 Reliance Community
617946,Dana Point,CA,1.5449252242143752,-0.03063792250318162,2009,33.4730155,-117.6963608,SCA,NA,Top 5 Reliance Community
675714,Summerland,CA,-0.10169187959458076,-0.00572228345199779,2010,34.4254051,-119.5892586,SCA,NA,Top 5 Reliance Community
603274,Avalon,CA,0.1855250969404765,-0.03109934746776009,2010,33.3540455,-118.3153018,SCA,NA,Top 5 Reliance Community
603274,Avalon,CA,0.11533080408144364,-0.02064481210503813,2011,33.3540455,-118.3153018,SCA,NA,Top 5 Reliance Community
675714,Summerland,CA,-0.0987813571855954,-0.05504669691028302,2011,34.4254051,-119.5892586,SCA,NA,Top 5 Reliance Community
658296,Port Hueneme,CA,2.596593392275005,0.14228927202627362,2012,34.1611387,-119.2036436,SCA,NA,Top 5 Reliance Community
603274,Avalon,CA,0.0667758740157727,-0.04243016905776373,2012,33.3540455,-118.3153018,SCA,NA,Top 5 Reliance Community
645806,Marina Del Rey,CA,0.2856637668222026,-0.0544524947470492,2012,33.9764927,-118.4485979,SCA,NA,Top 5 Reliance Community
682422,Vernon,CA,-0.17113718692355734,0.15222851499102558,2013,34.0018924,-118.2105713,SCA,NA,Top 5 Reliance Community
658296,Port Hueneme,CA,2.4567946658723554,0.0873862004225692,2013,34.1611387,-119.2036436,SCA,NA,Top 5 Reliance Community
603274,Avalon,CA,0.09596281083723308,-0.04704267794348397,2013,33.3540455,-118.3153018,SCA,NA,Top 5 Reliance Community
675714,Summerland,CA,-0.111669868978026,-0.06334791979753444,2013,34.4254051,-119.5892586,SCA,NA,Top 5 Reliance Community
682422,Vernon,CA,-0.17346540929601556,0.18213690183044137,2014,34.0018924,-118.2105713,SCA,NA,Top 5 Reliance Community
603274,Avalon,CA,0.19034216970655393,0.01293239144596219,2014,33.3540455,-118.3153018,SCA,NA,Top 5 Reliance Community
675714,Summerland,CA,-0.10058084423490438,-0.0451435376907978,2014,34.4254051,-119.5892586,SCA,NA,Top 5 Reliance Community
645806,Marina Del Rey,CA,0.29023047900061616,-0.04561596793784009,2014,33.9764927,-118.4485979,SCA,NA,Top 5 Reliance Community
682422,Vernon,CA,-0.17059480362876453,0.3849963373833747,2015,34.0018924,-118.2105713,SCA,NA,Top 5 Reliance Community
658296,Port Hueneme,CA,2.138043574343757,-2.1224178794451015e-4,2015,34.1611387,-119.2036436,SCA,NA,Top 5 Reliance Community
603274,Avalon,CA,0.10862978797215932,-0.00924109732737137,2015,33.3540455,-118.3153018,SCA,NA,Top 5 Reliance Community
645806,Marina Del Rey,CA,0.297210856034671,-0.04176536427346694,2015,33.9764927,-118.4485979,SCA,NA,Top 5 Reliance Community
658296,Port Hueneme,CA,2.0678139516675413,0.03632089587723686,2016,34.1611387,-119.2036436,SCA,NA,Top 5 Reliance Community
675714,Summerland,CA,-0.10271511315631388,-0.01505431989845144,2016,34.4254051,-119.5892586,SCA,NA,Top 5 Reliance Community
603274,Avalon,CA,0.07243661815208587,-0.03885094753144937,2016,33.3540455,-118.3153018,SCA,NA,Top 5 Reliance Community
675714,Summerland,CA,-0.11708516116301756,-0.01392097830994094,2017,34.4254051,-119.5892586,SCA,NA,Top 5 Reliance Community
603274,Avalon,CA,0.19920383755100207,-0.02008643779589861,2017,33.3540455,-118.3153018,SCA,NA,Top 5 Reliance Community
603274,Avalon,CA,0.13236271711732883,-0.02098593939733485,2018,33.3540455,-118.3153018,SCA,NA,Top 5 Reliance Community
658296,Port Hueneme,CA,1.783425586579377,-0.02205210493371358,2018,34.1611387,-119.2036436,SCA,NA,Top 5 Reliance Community
675714,Summerland,CA,-0.16045801741335902,-0.05337179860315544,2018,34.4254051,-119.5892586,SCA,NA,Top 5 Reliance Community
603274,Avalon,CA,0.14701782697897836,-0.02810889385695061,2019,33.3540455,-118.3153018,SCA,NA,Top 5 Reliance Community
675714,Summerland,CA,-0.1400947255920872,-0.04467382843330639,2019,34.4254051,-119.5892586,SCA,NA,Top 5 Reliance Community
658296,Port Hueneme,CA,0.539523184731904,-0.05242871448108591,2019,34.1611387,-119.2036436,SCA,NA,Top 5 Reliance Community
645806,Marina Del Rey,CA,0.1496183615304668,-0.05764009337541313,2019,33.9764927,-118.4485979,SCA,NA,Top 5 Reliance Community
675714,Summerland,CA,-0.1265730559536693,-0.02057561630695036,2020,34.4254051,-119.5892586,SCA,NA,Top 5 Reliance Community
603274,Avalon,CA,0.10740355911644436,-0.02776730424075424,2020,33.3540455,-118.3153018,SCA,NA,Top 5 Reliance Community
637120,Jamul,CA,-0.04545462294555774,-0.04131548018623772,2020,32.7184069,-116.8708663,SCA,NA,Top 5 Reliance Community
645806,Marina Del Rey,CA,0.3294049236135792,-0.04181312904331619,2020,33.9764927,-118.4485979,SCA,NA,Top 5 Reliance Community
675714,Summerland,CA,-0.1574466253763057,-0.02196824144320375,2021,34.4254051,-119.5892586,SCA,NA,Top 5 Reliance Community
603274,Avalon,CA,0.0545226979936513,-0.03588526725364324,2021,33.3540455,-118.3153018,SCA,NA,Top 5 Reliance Community
653182,Oak View,CA,-0.0755392040782711,-0.04033884131709079,2021,34.3989714,-119.2975689,SCA,NA,Top 5 Reliance Community
637120,Jamul,CA,-0.09601605940277974,-0.04316616655904948,2021,32.7184069,-116.8708663,SCA,NA,Top 5 Reliance Community
603274,Avalon,CA,0.14342518598862986,-0.02935548171099518,2022,33.3540455,-118.3153018,SCA,NA,Top 5 Reliance Community
653182,Oak View,CA,-0.04800709881030581,-0.03826370657837579,2022,34.3989714,-119.2975689,SCA,NA,Top 5 Reliance Community
5371680,Tokeland,WA,1.055800398642745,13.55754315803556,2009,46.7087803,-123.9833866,WA,NA,Top 5 Reliance Community
5312315,Chinook,WA,1.414590259639591,7.360279986497444,2009,46.2755033,-123.942234,WA,NA,Top 5 Reliance Community
5348295,Neah Bay,WA,1.8526328077084644,5.585874138001846,2009,48.3609758,-124.6115447,WA,NA,Top 5 Reliance Community
5371680,Tokeland,WA,0.8823481402065383,10.832363602959612,2010,46.7087803,-123.9833866,WA,NA,Top 5 Reliance Community
5312315,Chinook,WA,1.2463597118240806,6.657461273655157,2010,46.2755033,-123.942234,WA,NA,Top 5 Reliance Community
5348295,Neah Bay,WA,1.871208044160152,3.9069943943224392,2010,48.3609758,-124.6115447,WA,NA,Top 5 Reliance Community
5371680,Tokeland,WA,0.8203228555448834,12.224789740031362,2011,46.7087803,-123.9833866,WA,NA,Top 5 Reliance Community
5312315,Chinook,WA,0.98688086615446,9.996398705441102,2011,46.2755033,-123.942234,WA,NA,Top 5 Reliance Community
5348295,Neah Bay,WA,1.673318164387313,3.5372411700933135,2011,48.3609758,-124.6115447,WA,NA,Top 5 Reliance Community
5371680,Tokeland,WA,0.7083358626912859,10.454315120313709,2012,46.7087803,-123.9833866,WA,NA,Top 5 Reliance Community
5312315,Chinook,WA,0.9913698182167384,6.933799766228082,2012,46.2755033,-123.942234,WA,NA,Top 5 Reliance Community
5348295,Neah Bay,WA,1.8529484552605715,4.028723645554517,2012,48.3609758,-124.6115447,WA,NA,Top 5 Reliance Community
5371680,Tokeland,WA,0.7487703350387568,9.235511683296313,2013,46.7087803,-123.9833866,WA,NA,Top 5 Reliance Community
5312315,Chinook,WA,1.3165334029365543,8.907721233287171,2013,46.2755033,-123.942234,WA,NA,Top 5 Reliance Community
5336780,Laconner,WA,1.378158830649056,3.1302534409767984,2013,48.3926352,-122.4945065,WA,NA,Top 5 Reliance Community
5371680,Tokeland,WA,0.7873619644328094,6.520832981609146,2014,46.7087803,-123.9833866,WA,NA,Top 5 Reliance Community
5312315,Chinook,WA,0.991792192447616,4.194563794314108,2014,46.2755033,-123.942234,WA,NA,Top 5 Reliance Community
5336780,Laconner,WA,1.539526911825901,2.683676526022202,2014,48.3926352,-122.4945065,WA,NA,Top 5 Reliance Community
5336780,Laconner,WA,2.0559252293055135,4.083868079123779,2015,48.3926352,-122.4945065,WA,NA,Top 5 Reliance Community
5371680,Tokeland,WA,0.5625249373389097,3.947870131572207,2015,46.7087803,-123.9833866,WA,NA,Top 5 Reliance Community
5312315,Chinook,WA,0.7312572331213154,3.402592279677598,2015,46.2755033,-123.942234,WA,NA,Top 5 Reliance Community
5312315,Chinook,WA,1.1051286134575409,5.527717171266612,2016,46.2755033,-123.942234,WA,NA,Top 5 Reliance Community
5371680,Tokeland,WA,0.6109073538923737,3.3133474424401186,2016,46.7087803,-123.9833866,WA,NA,Top 5 Reliance Community
5348015,Naselle,WA,0.6321518352585979,3.056112679072299,2016,46.3723751,-123.7959765,WA,NA,Top 5 Reliance Community
5312315,Chinook,WA,1.1601636855457509,5.4195016861361545,2017,46.2755033,-123.942234,WA,NA,Top 5 Reliance Community
5371680,Tokeland,WA,0.6519103671710507,2.8650805221908575,2017,46.7087803,-123.9833866,WA,NA,Top 5 Reliance Community
5348015,Naselle,WA,0.4677811981707772,2.0704126436656045,2017,46.3723751,-123.7959765,WA,NA,Top 5 Reliance Community
5312315,Chinook,WA,0.6784807254985817,2.6748402651002054,2018,46.2755033,-123.942234,WA,NA,Top 5 Reliance Community
5371680,Tokeland,WA,0.4569179478414589,1.828174993408054,2018,46.7087803,-123.9833866,WA,NA,Top 5 Reliance Community
5333000,Ilwaco,WA,1.6980929782091694,1.5343200416472476,2018,46.3031577,-124.0234952,WA,NA,Top 5 Reliance Community
5348015,Naselle,WA,0.4689033185372132,1.4775859116828725,2018,46.3723751,-123.7959765,WA,NA,Top 5 Reliance Community
5312315,Chinook,WA,1.3402203342619623,7.261218036186163,2019,46.2755033,-123.942234,WA,NA,Top 5 Reliance Community
5371680,Tokeland,WA,0.8281208653687347,3.271203199326971,2019,46.7087803,-123.9833866,WA,NA,Top 5 Reliance Community
5370175,Taholah,WA,0.8724568416737916,1.3320719018689131,2019,47.3283994,-124.2725868,WA,NA,Top 5 Reliance Community
5312315,Chinook,WA,1.135867920756408,3.513677227826663,2020,46.2755033,-123.942234,WA,NA,Top 5 Reliance Community
5371680,Tokeland,WA,0.8014473114393489,2.4039581412624536,2020,46.7087803,-123.9833866,WA,NA,Top 5 Reliance Community
5304615,Bay Center,WA,0.15953050793078427,0.7751557490932681,2020,46.6207542,-123.9531826,WA,NA,Top 5 Reliance Community
5312315,Chinook,WA,1.706965093577244,3.50598935942563,2021,46.2755033,-123.942234,WA,NA,Top 5 Reliance Community
5371680,Tokeland,WA,1.1460424546281194,3.2392033885103353,2021,46.7087803,-123.9833866,WA,NA,Top 5 Reliance Community
5348015,Naselle,WA,0.6723076306022615,1.3532315707036693,2021,46.3723751,-123.7959765,WA,NA,Top 5 Reliance Community
5304615,Bay Center,WA,0.2033902945940095,0.607372623899841,2021,46.6207542,-123.9531826,WA,NA,Top 5 Reliance Community
5371680,Tokeland,WA,1.0153634261202331,4.379171915482569,2022,46.7087803,-123.9833866,WA,NA,Top 5 Reliance Community
5312315,Chinook,WA,0.8283750750374563,0.837088109987909,2022,46.2755033,-123.942234,WA,NA,Top 5 Reliance Community
5348015,Naselle,WA,0.5760725649036514,0.5432840053761865,2022,46.3723751,-123.7959765,WA,NA,Top 5 Reliance Community
667000,San Francisco,CA,3.2940148367487234,-0.07006518209708383,2023,37.7782251,-122.4424955,CCA,Top 5 Engagement Community,NA
631708,Princeton / Half Moon Bay,CA,3.2143224050912265,0.12216311522639751,2023,37.4686953,-122.4381236,CCA,Top 5 Engagement Community,NA
607260,Bodega Bay,CA,2.365872172429572,1.4741296861644582,2023,38.3202278,-123.0324159,CCA,Top 5 Engagement Community,Top 5 Reliance Community
669112,Santa Cruz,CA,1.7053533463653423,-0.05355613930733269,2023,36.973381,-122.0355319,CCA,Top 5 Engagement Community,NA
648872,Monterey,CA,1.5422699358739835,-0.03500266664414233,2023,36.6012789,-121.8829434,CCA,Top 5 Engagement Community,NA
617022,Crescent City,CA,6.667873643104246,0.7778382550879002,2023,41.7543684,-124.1993251,NCA,Top 5 Engagement Community,Top 5 Reliance Community
623042,Eureka,CA,4.204701205341122,0.05387414840423459,2023,40.7941276,-124.15685619999999,NCA,Top 5 Engagement Community,NA
625058,Fort Bragg,CA,3.367504157377933,0.2749558370081641,2023,39.4397296,-123.8015298,NCA,Top 5 Engagement Community,Top 5 Reliance Community
680448,Trinidad,CA,0.6569654944381526,1.4365487308031897,2023,41.057563,-124.1432761,NCA,Top 5 Engagement Community,Top 5 Reliance Community
644910,Mckinleyville,CA,0.5050120229558205,-0.05252961895976073,2023,40.9486998,-124.0856456,NCA,Top 5 Engagement Community,NA
4152450,Newport,OR,17.124086964719957,1.39767929942335,2023,44.6247052,-124.0523628,OR,Top 5 Engagement Community,Top 5 Reliance Community
4103150,Astoria,OR,16.17965987064462,1.497492628408569,2023,46.1883779,-123.8104977,OR,Top 5 Engagement Community,Top 5 Reliance Community
4115250,Charleston (Coos Bay),OR,6.307488179502814,0.26627557422925097,2023,43.3789233,-124.2329891,OR,Top 5 Engagement Community,NA
4108650,Brookings,OR,5.4781859888618225,0.5195528581457604,2023,42.0676039,-124.3031135,OR,Top 5 Engagement Community,NA
4159250,Port Orford,OR,3.416871913574318,2.2997633894456113,2023,42.7496349,-124.4974062,OR,Top 5 Engagement Community,Top 5 Reliance Community
644000,Los Angeles,CA,6.059585359665381,-0.07139857233829876,2023,34.1564893,-118.5399543,SCA,Top 5 Engagement Community,NA
666000,San Diego,CA,4.372619858075311,-0.07053477650018229,2023,32.8168157,-117.133405,SCA,Top 5 Engagement Community,NA
669070,Santa Barbara,CA,4.195297727384161,-0.03736526749149568,2023,34.3997984,-119.7130828,SCA,Top 5 Engagement Community,Top 5 Reliance Community
665042,Ventura,CA,3.2074380765834896,-0.04754897746490892,2023,34.2675259,-119.2542834,SCA,Top 5 Engagement Community,NA
654652,Oxnard,CA,2.7171234660194528,-0.06282201030563321,2023,34.200947,-119.2144625,SCA,Top 5 Engagement Community,NA
5377630,Westport,WA,14.607495413919304,6.435099057330292,2023,46.893467,-124.1155222,WA,Top 5 Engagement Community,Top 5 Reliance Community
5301990,Anacortes,WA,5.48813919057292,0.1360995257372879,2023,48.489414,-122.6249342,WA,Top 5 Engagement Community,NA
5305280,Bellingham Bay,WA,4.822730030475176,-0.03769603302733974,2023,48.7530659,-122.4702731,WA,Top 5 Engagement Community,NA
5363000,Seattle,WA,2.2357750195930453,-0.0707943703709756,2023,47.6200014,-122.3512336,WA,Top 5 Engagement Community,NA
5333000,Ilwaco,WA,2.233664097064528,1.3282682117468974,2023,46.3031577,-124.0234952,WA,Top 5 Engagement Community,Top 5 Reliance Community
649488,Moss Landing,CA,1.0560847491551926,30.771590947755527,2023,36.8015242,-121.7872157,CCA,NA,Top 5 Reliance Community
637274,Jenner,CA,-0.1462398041946205,0.6608125142345943,2023,38.4510317,-123.1201763,CCA,NA,Top 5 Reliance Community
657876,Point Arena,CA,0.4800971277496717,0.43403099088912434,2023,38.9123135,-123.6955937,CCA,NA,Top 5 Reliance Community
603330,Avila Beach,CA,0.6284614722560757,0.3229280352923211,2023,35.1962011,-120.7192493,CCA,NA,Top 5 Reliance Community
624022,Fields Landing,CA,0.14002092092551438,0.45030733548653634,2023,40.7248335,-124.2176344,NCA,NA,Top 5 Reliance Community
671372,Shelter Cove,CA,0.3090739025034422,0.33055787017560667,2023,40.0389552,-124.0558258,NCA,NA,Top 5 Reliance Community
4183050,Winchester Bay,OR,1.762712807292497,8.550702391709658,2023,43.6717917,-124.1857563,OR,NA,Top 5 Reliance Community
4128000,Garibaldi,OR,1.6277483639194927,1.5211443868177348,2023,45.5607306,-123.9111336,OR,NA,Top 5 Reliance Community
658296,Port Hueneme,CA,1.0181397565127113,-0.02049954299992936,2023,34.1611387,-119.2036436,SCA,NA,Top 5 Reliance Community
645806,Marina Del Rey,CA,0.4370870057778909,-0.02637903646410032,2023,33.9764927,-118.4485979,SCA,NA,Top 5 Reliance Community
603274,Avalon,CA,-0.01064785673477104,-0.04255755805377489,2023,33.3540455,-118.3153018,SCA,NA,Top 5 Reliance Community
617946,Dana Point,CA,1.0653977106905452,-0.04645784623921139,2023,33.4730155,-117.6963608,SCA,NA,Top 5 Reliance Community
5371680,Tokeland,WA,1.212748371761236,9.637799821953802,2023,46.7087803,-123.9833866,WA,NA,Top 5 Reliance Community
5312315,Chinook,WA,1.01312131589552,1.4165245879836317,2023,46.2755033,-123.942234,WA,NA,Top 5 Reliance Community
5304615,Bay Center,WA,0.2186561200855388,1.255557051154881,2023,46.6207542,-123.9531826,WA,NA,Top 5 Reliance Community
